hx,hy,hz
0.0,0.0,1.0
8.852220011804181e-05,-4.9716397183078476e-05,0.99999999484605
0.00030646837902298184,-0.00024141933891095902,0.9999999238969148
0.0006842993008114212,-0.0006275681783875483,0.9999995689462313
0.0012313501038725798,-0.00124814998426911,0.999998462948088
0.0019411312276189589,-0.002131568376317986,0.9999958442042718
0.0027945949268073787,-0.003295615910539054,0.9999906645339072
0.003759356414867324,-0.004747560658865653,0.9999816637854598
0.004783240482151083,-0.006482747245621192,0.9999675467727137
0.005783171163450629,-0.00848296936436455,0.9999472956921568
0.0066368639377975295,-0.010717468448463512,0.9999205407966812
0.007184295594325622,-0.013147619464290898,0.9998877567003387
0.007237693828756236,-0.01573209901716529,0.9998500471813537
0.006595460664258469,-0.018430469122271555,0.9998083904961786
0.0050558551273864405,-0.021205258564343868,0.9997623594325555
0.002427842187139752,-0.024023221154579347,0.9997084527139263
-0.0014609039337628508,-0.026856009818578365,0.9996382448147534
-0.00675805511339437,-0.02967954792781658,0.9995366192020605
-0.013581906842940864,-0.032472885060106385,0.999380329775598
-0.022017421923979964,-0.03521757003521921,0.999137105652991
-0.03211339803006359,-0.03789766623421577,0.9987654862684046
-0.04388141420852936,-0.04050074890543695,0.998215463126653
-0.057296889270927916,-0.04301924103579429,0.9974299029909718
-0.07230219408254412,-0.04545077563287427,0.9963466363295559
-0.08881174791266283,-0.04779721056676292,0.9949009498913619
-0.10671846338632517,-0.050062840684257225,0.9930281373430887
-0.12589969708114987,-0.0522529294061642,0.9906658859793998
-0.14622189124782461,-0.05437259369151931,0.9877564373747034
-0.1675455381008199,-0.056425794217047985,0.9842482524289703
-0.1897308446822022,-0.05841526260424128,0.9800968644328252
-0.21264142099868313,-0.060342823978885796,0.97526528169002
-0.23614521016532664,-0.0622094586680239,0.9697244056783376
-0.26011620187402473,-0.064015840949786,0.9634529223735446
-0.28443853206917824,-0.065763129453243,0.9564360576007406
-0.3090097981573818,-0.06745360425630346,0.9486637739028345
-0.3337419793276732,-0.0690914776779407,0.9401290650473081
-0.3585624542199068,-0.07068357481037481,0.9308258691483727
-0.3834152154035827,-0.07223912702412906,0.9207465889829928
-0.4082584728819033,-0.07376861898744787,0.9098808769134678
-0.43305897247272346,-0.07528285890455542,0.8982162420687047
-0.4577865302290251,-0.07679326133615752,0.8857394017171341
-0.4824095565934818,-0.07831221740179937,0.8724380873809291
-0.5068916356035894,-0.07985215735191442,0.858303269667175
-0.5311889898543403,-0.08142398545242241,0.8433317210034076
-0.5552490202609112,-0.08303565862091467,0.8275286127359519
-0.579010988495058,-0.08469095945021844,0.8109091913336395
-0.6024076644333414,-0.08638938541151815,0.7934997668053765
-0.6253662617894575,-0.08812727259684937,0.7753390370928839
-0.6478095093631532,-0.08989889856502087,0.756479363641512
-0.6696579357353493,-0.09169707361591369,0.7369870390969903
-0.6908328681658865,-0.09351320795564043,0.7169415793490709
-0.7112599451756603,-0.09533666767193004,0.6964339237759235
-0.7308732462501,-0.09715452537515416,0.6755629475592703
-0.7496185612409617,-0.09895271078738847,0.6544313361009374
-0.7674542879065542,-0.10071766695507628,0.6331428492346496
-0.7843507495705936,-0.10243760074943221,0.6118009803855727
-0.8002895433962595,-0.10410295780746662,0.590507595976837
-0.8152631127032094,-0.1057061321580517,0.5693612830968212
-0.8292740514024727,-0.10724125754519623,0.5484558873333881
-0.8423340588420819,-0.10870440900115655,0.5278794225752066
-0.8544625901680156,-0.11009399115513419,0.5077134970777307
-0.8656855121939838,-0.1114110200906708,0.48803296874268254
-0.87603415453722,-0.11265871223473557,0.46890529389405405
-0.8855447157093169,-0.1138414272974418,0.45038948245955573
-0.8942575159856666,-0.11496382514193625,0.432535332674545
-0.9022157166086345,-0.11603076442768177,0.4153837531857691
-0.9094640149033929,-0.11704749373512224,0.3989675297641748
-0.9160479019653418,-0.11801935977671027,0.38331145563730695
-0.9220132543029229,-0.11895108584250517,0.3684320806697247
-0.9274057541639378,-0.1198463017558642,0.35433801813954463
-0.9322701044319672,-0.12070758635717901,0.3410309824315575
-0.9366495317690399,-0.12153695971750986,0.3285063501052344
-0.9405863677373365,-0.12233510512532803,0.3167513328790567
-0.9441236853597795,-0.1230982650765196,0.30574054994033584
-0.9473067431869657,-0.12381598164013911,0.29543110364853786
-0.9501835978460906,-0.12447162320249708,0.28575854388205857
-0.9528048779181969,-0.1250444144419197,0.27663470323183853
-0.9552221771343412,-0.12551364943483406,0.2679494656017789
-0.9574855170675914,-0.12586373698933032,0.25957620136847676
-0.9596409732892794,-0.1260864386102952,0.25137902136609713
-0.9617284139225885,-0.1261815092774748,0.2432214722642742
-0.9637798218001525,-0.12615549135630194,0.23497499248114972
-0.965818699292047,-0.1260168687757162,0.2265259121641111
-0.9678596948743708,-0.12577128463888926,0.2177824487831226
-0.969908370895984,-0.12541928016769413,0.2086809915352038
-0.9719619598573974,-0.12495483956216033,0.19918894713352406
-0.9740112295415344,-0.12436417304237858,0.18930313571220594
-0.9760428829600207,-0.12362613692414123,0.1790443210277972
-0.978041753350052,-0.12271527566927384,0.16844966554247082
-0.9799922725975518,-0.12160690000962299,0.1575655657786159
-0.9818793061815471,-0.12028167141806673,0.146442301311199
-0.9836888855381491,-0.11872683202768716,0.13512999602376782
-0.985408957672774,-0.11693394798271806,0.12367553495915072
-0.9870294663530055,-0.11489661473192142,0.11212314869841057
-0.9885417008754087,-0.11261097382661922,0.1005190240908381
-0.9899379999102524,-0.11007694467403949,0.08891469273926333
-0.9912121888997679,-0.10729787245427416,0.07736642129061662
-0.9923600864338872,-0.10428001560233065,0.06593282338036022
-0.9933797129249264,-0.10103283792846304,0.05467276844382255
-0.9942713455297304,-0.0975691417993591,0.04364348779641884
-0.9950375233591008,-0.0939046229582029,0.03289755149649954
-0.9956828689537164,-0.09005719551374047,0.02247945747335559
-0.9962135871800074,-0.08604709960664451,0.012425190832579357
-0.9966371081769414,-0.08189527930692997,0.0027636627767517394
-0.9969621445054545,-0.07761733046350168,-0.006483242615000064
-0.9971984699210987,-0.07321966220402745,-0.015300086723535949
-0.9973562087589051,-0.06870271284185342,-0.023675516852503325
-0.997445222062767,-0.06406588028106351,-0.03160050581826164
-0.9974748365918753,-0.05930977105629492,-0.03906790784341596
-0.9974537492833697,-0.054437083006083506,-0.04607192240765989
-0.9973900179075503,-0.0494537067954324,-0.05260687276932455
-0.9972911222815369,-0.04436905986851777,-0.05866688968077649
-0.9971639707462377,-0.03919527246918381,-0.06424753739765293
-0.9970148220095569,-0.0339469528194034,-0.06934730771651425
-0.9968492338064225,-0.028640974911251536,-0.0739682338283235
-0.9966720162017095,-0.023294762392003295,-0.07811687503682826
-0.9964871869601153,-0.017925615911803965,-0.08180439180446648
-0.996298031526056,-0.012552760422060084,-0.08504505031506769
-0.9961072196972247,-0.007198625505970241,-0.08785548735218356
-0.9959168882452437,-0.0018868795043729075,-0.09025514607847497
-0.9957287674206241,0.0033600719172198136,-0.09226554962560972
-0.9955443708250172,0.008521421176407409,-0.09390841868413596
-0.9953651021246239,0.013577175151547416,-0.09520490421895933
-0.9951922698687236,0.018507712268101658,-0.09617593555634893
-0.9950271543828774,0.023293738190929923,-0.09684195269513116
-0.994871170170915,0.02791639092352508,-0.09722155049452423
-0.9947259599234523,0.03235734659199443,-0.09733070828824837
-0.9945931873405846,0.036599970330125894,-0.09718453512535302
-0.9944741259913129,0.040631653901666974,-0.09680021402367642
-0.9943694727117867,0.04444467298003388,-0.09619783148585642
-0.9942795277628086,0.04803474718858758,-0.09539855205554659
-0.9942044558970472,0.051399756601146,-0.09442226906720334
-0.9941444575061219,0.05453990278500146,-0.09328556487507116
-0.994099917679736,0.05745799840581008,-0.091999630914151
-0.9940715263552569,0.060158707799260545,-0.09056892604891022
-0.9940602321051609,0.06264742002029268,-0.08899188565164065
-0.9940670303737535,0.06492983979073652,-0.0872631367110786
-0.994092837582624,0.06701206186868713,-0.08537455025377273
-0.9941385845598485,0.06890020037486988,-0.08331408690998103
-0.9942052261547876,0.07060000170552572,-0.08106545531659887
-0.9942932942139957,0.0721178917798076,-0.07861205229681202
-0.9944023581415607,0.0734620751661343,-0.07594256800232892
-0.9945310771535656,0.074641223193151,-0.07305220308792132
-0.994677817401194,0.07566228085270454,-0.06993753517363639
-0.994841457867689,0.07652910372408962,-0.06658656013700351
-0.9950219788950898,0.07724189893314377,-0.06296785342459614
-0.9952202673848439,0.07779923123344365,-0.05902456273387389
-0.9954370800240104,0.07820233324729604,-0.05467554103939577
-0.9956717657269212,0.07845780033528967,-0.04982076375150183
-0.9959210881973984,0.07857747597184381,-0.04434823957728405
-0.9961781045586671,0.07857711078346229,-0.03814212446659046
-0.9964311489699779,0.07847485907370043,-0.031091186142258944
-0.9966630523552755,0.07829012572030754,-0.02309580664458233
-0.9968507064507368,0.07804242305804582,-0.014072997260569839
-0.9969649891865858,0.07775040895918087,-0.003960333681758253
-0.9969710536564207,0.0774319193899165,0.007281210805893112
-0.996828998056295,0.0771051330602894,0.01966588644933342
-0.9964949210109644,0.07679036801856426,0.03318300436858194
-0.9959223029553141,0.07651187766525938,0.047798525629144474
-0.9950636470137257,0.07629835036483237,0.06345786100514791
-0.9938723536180586,0.07618124154195399,0.08008847077343485
-0.9923046070716852,0.07619214352386251,0.09760288955531787
-0.9903209143015616,0.07636040934085238,0.1159032984095655
-0.987887109340182,0.07671158410712298,0.13488658963468267
-0.9849750689518316,0.07726635696689106,0.15444747853040355
-0.9815634627737306,0.07804008534766625,0.17447897760639317
-0.9776384587150131,0.07904387001425063,0.19487203661506713
-0.9731942055421914,0.08028635260603137,0.21551598521762408
-0.9682329819461045,0.08177468653302622,0.23630021860798156
-0.9627649281997223,0.08351454339201853,0.25711673238162946
-0.9568074256830376,0.0855100425317042,0.277862524972377
-0.9503842636155357,0.08776406740152132,0.29844131742286845
-0.9435246792132048,0.0902781671903041,0.31876485415487477
-0.9362623097481937,0.09305131392457047,0.3387541000812956
-0.928634135304703,0.09607824803234155,0.3583400800942066
-0.9206796168279708,0.09934852347530206,0.37746379169501554
-0.9124401021063577,0.10284651272312194,0.3960753146673397
-0.9039583435447498,0.10655225994771396,0.4141327432549459
-0.8952781041915983,0.11044257030903,0.43160115247602476
-0.8864438494587177,0.11449202213882428,0.4484516458029487
-0.8775003870480881,0.11867391300055928,0.46466070750989
-0.8684924055524934,0.12296097622909374,0.4802098914250222
-0.8594639199831795,0.12732599986594936,0.49508570975668753
-0.8504576011761391,0.13174219042544358,0.5092797501016836
-0.8415140946757255,0.13618330006831864,0.522788807497441
-0.8326715144713234,0.14062381357794612,0.5356146861717178
-0.8239650981300901,0.14503924564212944,0.5477637577341467
-0.8154269355627107,0.1494064082138324,0.5592464912214009
-0.8070858028192831,0.15370352257792494,0.5700769544848228
-0.7989671041439165,0.1579103872276716,0.5802722430906816
-0.7910929005396566,0.16200864217272493,0.5898518649433119
-0.7834820200973309,0.1659819943836843,0.5988371245377329
-0.7761501935612979,0.16981645069269788,0.6072505661659728
-0.7691101952497914,0.17350043921789193,0.6151155217957244
-0.7623720529836884,0.1770247597019676,0.6224556910189647
-0.7559432981534454,0.1803824956132165,0.6292947522848407
-0.7498291319688003,0.1835689710920446,0.6356561222100545
-0.7440325895688714,0.18658163384942947,0.641562779133513
-0.738554752779387,0.18941970382309317,0.6470371341357081
-0.7333949090300502,0.1920838446556395,0.6521009922022144
-0.7285507302087941,0.19457595781424808,0.656775479256725
-0.7240184112435757,0.1968990100202464,0.6610810238037207
-0.7197926880140096,0.19905693256530163,0.6650374605082481
-0.7158668577626152,0.20105447076786775,0.6686641471929929
-0.7122327229651603,0.2028970353428028,0.6719801644295275
-0.7088803983574395,0.20459065490914208,0.67500462572374
-0.7057982327107452,0.20614198864620326,0.6777568407765262
-0.7029730429308338,0.2075581355710824,0.6802562173702056
-0.7003906364916065,0.20884615536188203,0.6825219701265616
-0.6980364781874397,0.21001289908885387,0.6845726092504512
-0.6958962953160048,0.21106533554026236,0.6864253566839851
-0.6939564938627756,0.2120109733747561,0.6880957286558115
-0.6922042536382441,0.21285799321262527,0.6895975246262238
-0.6906270290366688,0.21361539966041537,0.6909433897157605
-0.6892106595778348,0.21429468463113505,0.6921462669574461
-0.6879352853631705,0.2149141814550076,0.693222141713475
-0.6867706998712685,0.2155040844596971,0.694193053393302
-0.6856745209382751,0.21610752899696178,0.6950884744022838
-0.6845939401290209,0.21677669450802844,0.6959446830436997
-0.6834696113135164,0.2175669321800316,0.6968026409484399
-0.682240587965953,0.21853137854611274,0.6977046772973551
-0.6808492334564591,0.21971723335211968,0.6986906745261756
-0.6792453425323385,0.22116384193238245,0.699794483880685
-0.677389073043708,0.22290211359109952,0.7010411482057287
-0.6752523963011009,0.22495459070887397,0.7024454665015812
-0.6728192591932158,0.2273356331679436,0.7040118992963276
-0.6700848617902408,0.23005183244826752,0.7057353841113171
-0.6670542463601667,0.23310309228913068,0.7076026998097978
-0.6637404774432365,0.23648444831697807,0.7095940278128327
-0.6601627847558078,0.2401878405008182,0.7116845501337026
-0.6563449041218944,0.24420283161629677,0.7138461626035429
-0.652313705925648,0.24851621700811877,0.7160492433803145
-0.6480980356688143,0.2531115437931043,0.7182642150078867
-0.643727747939435,0.25796929816374575,0.7204626483987409
-0.6392328525291756,0.26306760880345775,0.7226180135077206
-0.6346428153813343,0.26838291239621004,0.7247062226989512
-0.6299862082142523,0.27389026797349897,0.7267059230316164
-0.6252904628657038,0.27956366534118104,0.7285986508841463
-0.6205816119182422,0.285376431320794,0.7303689173257337
-0.6158841314341265,0.29130145975474936,0.7320042323596113
-0.6112206686139111,0.2973115691564298,0.7334951432047148
-0.6066116863223626,0.3033802324611857,0.7348351492470516
-0.6020752292549203,0.30948226200889317,0.7360204805706796
-0.5976268001725481,0.3155939956762179,0.7370499559789965
-0.5932794374008008,0.32169306381449025,0.7379248483761984
-0.589044081401996,0.3277581615521931,0.7386485346233385
-0.5849300190747115,0.3337690150583417,0.7392260259029318
-0.580945261008825,0.33970656622978906,0.7396634725141928
-0.5770968484852846,0.3455533245559782,0.7399676529123846
-0.5733910340124928,0.35129355458187816,0.7401456347390784
-0.5698333451614171,0.356913246728812,0.7402046291746948
-0.5664284970698847,0.36239998536119156,0.7401520170325551
-0.5631802825362074,0.36774275155366204,0.7399954310954758
-0.5600915171797286,0.37293182826762933,0.739742755184715
-0.5571639280981775,0.37795862422723586,0.7394022150348645
-0.5543980497304526,0.3828151830381434,0.7389826372050589
-0.5517931186106554,0.38749383563923717,0.7384936571125843
-0.5493468723815566,0.3919876049396705,0.7379456154611007
-0.5470553743135678,0.3962910703325437,0.7373491744142182
-0.5449131315755827,0.4004009444128002,0.7367148449365123
-0.5429135193579817,0.4043162094785958,0.7360525207151938
-0.5410492449747307,0.40803800582052663,0.7353711310068418
-0.5393127956082581,0.4115691018310992,0.7346785575414242
-0.5376968708604468,0.4149129307697907,0.7339818355701365
-0.5361946633724993,0.4180729244543583,0.733287333048262
-0.5348000627903586,0.4210523934777014,0.7326006925918971
-0.5335077493404717,0.4238545473400794,0.7319267750894216
-0.5323130753422398,0.4264826940969939,0.7312696503038103
-0.5312118393297812,0.4289406948862199,0.7306325081916335
-0.5301999772741905,0.4312336118518466,0.7300175039734723
-0.5292733038485041,0.4333683385384345,0.7294255637045673
-0.5284274425752069,0.4353537937538922,0.7288563042174501
-0.5276578383522973,0.4372007216432253,0.7283081316448582
-0.5269597629727293,0.43892137854494917,0.727778422092828
-0.526328305302882,0.4405291631839142,0.7272637564333015
-0.5257584628349397,0.44203809061702076,0.7267601841055273
-0.5252452859845085,0.44346208631849066,0.7262635661721601
-0.5247839441116624,0.4448143892085455,0.7257699161274435
-0.5243696467617542,0.44610746615159363,0.7252755353648418
-0.5239975020015665,0.44735331297106123,0.724776952772323
-0.5236626114081137,0.4485637505552528,0.7242706891080434
-0.5233600632308424,0.4497506852553715,0.723753110754857
-0.5230848407796884,0.4509262930808074,0.7232203865730624
-0.5228320393639287,0.45210294538767637,0.7226683785709341
-0.5225970830931582,0.45329277282626534,0.7220927577853129
-0.5223757758650246,0.4545069958198518,0.721489389762751
-0.5221642699984159,0.45575527227134255,0.7208547752036439
-0.5219590114598688,0.4570452394684118,0.7201863921479624
-0.5217567785388886,0.4583823780631386,0.7194827722259256
-0.521554806671052,0.4597702186017791,0.7187432989080274
-0.5213508799687632,0.4612107052058738,0.7179679278068742
-0.5211433138865776,0.46270464321494864,0.7171569281117232
-0.5209308335435747,0.46425205784605394,0.7163107520129102
-0.5207124339702173,0.4658522661681639,0.7154300994610154
-0.5204872454938836,0.46750384448390286,0.7145160478750359
-0.5202544177965879,0.46920458967778594,0.713570174396628
-0.5200130977409984,0.47095145490612716,0.7125946290140089
-0.5197624683015445,0.4727402219976341,0.711592340494692
-0.5195017923544963,0.474565041676443,0.710567314868269
-0.519230458332015,0.4764184329107679,0.7095246351770839
-0.5189480407860904,0.4782917926252497,0.7084701066887744
-0.5186543507438591,0.4801761796223134,0.7074097122444571
-0.5183493865083734,0.48206302308670845,0.706349173765282
-0.5180332828681609,0.48394455603954345,0.7052936867153464
-0.5177063008533926,0.48581407003938687,0.7042477372405695
-0.5173688328916065,0.48766588557901197,0.703215098525917
-0.5170214085443818,0.48949508313284634,0.7021989936588853
-0.5166646818461521,0.4912971729276982,0.7012023205937542
-0.5162995166777746,0.49306785727246943,0.7002277466674912
-0.5159271419319368,0.49480293757821076,0.6992776538556887
-0.5155492713584562,0.49649824314188007,0.6983540959705123
-0.5151680003776713,0.4981496406066762,0.6974588639843292
-0.5147855376171754,0.4997530519943755,0.6965936672713173
-0.5144040452067252,0.501304416480031,0.6957602750176048
-0.5140255378730832,0.5027996335889265,0.6949606282928039
-0.5136517143154006,0.5042345109670836,0.6941969996554553
-0.5132838169597098,0.5056048967888512,0.6934719976973881
-0.5129226930806059,0.5069071067194607,0.6927882043454867
-0.5125690229232601,0.508138193795969,0.6921477968940338
-0.5122235004316201,0.5092959062760309,0.6915524314584213
-0.5118868418814284,0.5103786997813838,0.6910032155627943
-0.5115598206971435,0.5113855708448588,0.6905007949162582
-0.51124339434413,0.512315822221236,0.6900454260708286
-0.510938648243338,0.513169200179956,0.6896369115106403
-0.5106465683065396,0.5139462613338898,0.6892744901254302
-0.5103679162012926,0.5146484743389212,0.6889568476856667
-0.5101032875733373,0.5152779472157907,0.6886822729822178
-0.5098532057905454,0.5158370963759885,0.6884488350977819
-0.5096181319150147,0.5163284523050061,0.6882545233877999
-0.5093984305780307,0.5167546659094577,0.6880972708748698
-0.5091943338947297,0.517118471322826,0.6879750118618018
-0.509005875469274,0.5174225285119202,0.6878858522502764
-0.5088328063668883,0.5176694761794185,0.687828095236683
-0.5086745825164625,0.5178621749721292,0.6878000703946159
-0.5085304648983434,0.5180038473972567,0.6877999566384941
-0.5083996155778937,0.5180980632863902,0.6878257248018147
-0.5082810967921612,0.5181485731159367,0.6878752669064914
-0.5081739241988461,0.5181591078879899,0.6879465107674201
-0.5080771568243769,0.5181333319360789,0.6880373921888799
-0.5079899708308357,0.5180748683863604,0.6881457841778457
-0.5079117991670462,0.5179871966293371,0.688269473676535
-0.5078423575028818,0.5178734296334508,0.6884063122935484
-0.507781612804104,0.51773612012399,0.6885543868257761
-0.5077298703828198,0.5175771855549894,0.6887120121749155
-0.5076877111043765,0.5173981180118226,0.6888776200976654
-0.5076555571876314,0.5172005556382323,0.6890496502459161
-0.5076332798655595,0.5169866666714908,0.6892265517642477
-0.5076201178383547,0.5167589517946206,0.6894069927886574
-0.5076146829599667,0.5165199034708909,0.6895901122854605
-0.5076151847423963,0.5162718045865753,0.689775505514558
-0.507619863830617,0.5160166402045333,0.6899629706561151
-0.5076273112211827,0.5157560965529275,0.6901522743357729
-0.5076367490320324,0.5154915553624311,0.690342949107334
-0.5076481832203049,0.5152241583463519,0.6905341329213329
-0.5076621201131407,0.5149550068413307,0.6907246287278862
-0.5076791652129634,0.5146852403853892,0.6909131410952486
-0.5076998328912067,0.5144158231413538,0.6910985751570062
-0.5077244034592179,0.5141474305200412,0.6912802252499494
-0.5077527615519987,0.5138807445980224,0.6914576729400733
-0.5077842953614246,0.5136167536571878,0.6916306382361566
-0.5078179943937454,0.5133566908622559,0.6917989538275324
-0.5078527722868575,0.5131017075206568,0.6919625708229743
-0.5078877732812858,0.5128525577946977,0.6921215671504635
-0.50792255454971,0.5126094765001714,0.6922761032867717
-0.5079571335386512,0.5123722871569768,0.6924263064332012
-0.5079918214237322,0.5121406953651921,0.6925721749517926
-0.5080269540888228,0.511914549242719,0.6927135830867308
-0.5080627333224751,0.5116939114398444,0.6928503445941901
-0.5080991696898061,0.5114790201047834,0.6929822838667523
-0.5081360637876088,0.5112702515557477,0.6931092774971043
-0.5081730413616956,0.5110681268397896,0.693231223879647
-0.5082096825482575,0.5108732860023195,0.6933479676276493
-0.5082456288395589,0.5106863468104157,0.6934593253730988
-0.5082805262586052,0.5105078593841722,0.6935651606974399
-0.5083140695622542,0.510338262492613,0.6936653836837187
-0.5083461846961298,0.5101775883216317,0.6937600340746156
-0.5083771045343436,0.5100252190146902,0.6938494040887362
-0.5084074614943543,0.5098798632549099,0.6939339868777296
-0.5084382636540243,0.5097397671000027,0.694014338388852
-0.5084704789410075,0.5096032911100696,0.6940909578256209
-0.508504646713131,0.5094693780293942,0.6941642292148855
-0.5085408952305498,0.5093374384264374,0.6942344933056164
-0.5085791644076104,0.509206975799584,0.694302159961712
-0.508619290764596,0.5090773647878022,0.6943678086740674
-0.5086609485499027,0.5089479401785176,0.6944321663116977
-0.5087037653185368,0.5088181472220416,0.6944959123049409
-0.5087476213944505,0.5086875353829081,0.6945594640284959
-0.5087928339790092,0.5085557453729295,0.694622851581916
-0.5088401711195439,0.5084225155677261,0.6946857029756828
-0.5088908337358375,0.5082875574722254,0.6947473485077603
-0.5089464077680756,0.508150331537834,0.6948070196665842
-0.5090086842492673,0.5080100327724606,0.6948639909805034
-0.5090792746969462,0.5078659586041719,0.6949175923554509
-0.5091592183535057,0.5077180021093833,0.6949671364170418
-0.509248854410646,0.5075667256828374,0.6950119590777183
-0.5093479243622129,0.5074129407254772,0.6950516524203283
-0.5094558465940953,0.5072573131370555,0.6950861519553306
-0.5095720478530545,0.5071002725412384,0.6951155599146419
-0.5096961205543485,0.5069421621318775,0.6951399204080458
-0.5098277271264237,0.5067834370313312,0.6951591448034152
-0.5099663796829617,0.5066246585494923,0.6951731776634249
-0.5101113501276644,0.5064662599608666,0.6951822336568904
-0.5102617670892416,0.5063082905704829,0.6951869129569113
-0.5104168236423735,0.5061503550153712,0.6951880927206995
-0.5105760415781245,0.5059917571261711,0.6951866278106787
-0.5107394135611119,0.5058316361297494,0.6951831466063835
-0.5109072990172273,0.5056690176929138,0.6951780896694063
-0.5110801687216714,0.505502814039852,0.6951718968264028
-0.5112583911907704,0.5053318559266128,0.6951651406844205
-0.5114421425052583,0.5051551022161967,0.6951584406267214
-0.5116314018957362,0.5049718583844733,0.6951523076520246
-0.5118260947545631,0.5047817148350878,0.69514708450546
-0.5120263495435603,0.5045842276981868,0.6951429885507874
-0.5122324801242111,0.5043788358549366,0.6951401846012203
-0.5124446343720038,0.5041652039280926,0.6951387946672867
-0.5126625038784454,0.5039435280050452,0.6951388909411639
-0.5128852184819285,0.5037145089391606,0.6951405945180621
-0.5131113563890185,0.5034790463455348,0.6951442913781373
-0.5133390219243101,0.5032379647438097,0.6951507745880032
-0.5135660539474726,0.5029919110364794,0.6951611652449323
-0.5137903166123738,0.5027414982612407,0.6951765937381664
-0.5140099266472286,0.5024876914974543,0.6951977525867513
-0.514223400877831,0.502232001646316,0.6952246475147241
-0.5144297238791663,0.5019761939318469,0.6952567582665425
-0.5146283482317275,0.5017217482327601,0.6952934276595362
-0.5148190701049196,0.5014696075749344,0.6953341338773376
-0.5150018057267651,0.5012203588906411,0.6953785242094468
-0.5151764348877768,0.5009745666516835,0.6954262897708701
-0.5153427910039174,0.5007330535944192,0.6954769707174359
-0.5155007940007287,0.5004969760161544,0.6955298040941906
-0.5156506638713121,0.500267629985999,0.6955837054138536
-0.5157929921482234,0.5000461241302357,0.6956374508270178
-0.5159285893173741,0.4998331171713336,0.6956899781538989
-0.5160582473225592,0.4996287947111663,0.6957405787115163
-0.5161824956255846,0.4994330140052272,0.6957889735626728
-0.5163014671510513,0.4992453854377428,0.6958353541871753
-0.5164149053558807,0.4990652572839514,0.69588038806851
-0.5165222680966884,0.4988917880449,0.6959250896336583
-0.516622889323557,0.4987242849775344,0.6959704575631259
-0.5167161527396407,0.49856244287027834,0.6960171751165087
-0.5168016991019841,0.4984061182591896,0.6960656183773976
-0.5168794832142919,0.4982550445446838,0.6961160179294124
-0.5169496674841392,0.498108828481079,0.6961685401375481
-0.5170125481040213,0.49796703652875685,0.696223280014217
-0.5170684849143373,0.49782917926065556,0.6962803244276358
-0.5171178499822118,0.497694692732799,0.6963398035839826
-0.5171611435398328,0.4975629534991225,0.6964017941661285
-0.5171990950520751,0.4974333672083388,0.6964661809916464
-0.5172324436440684,0.4973055997283957,0.6965326551718637
-0.5172616615107295,0.49717961377456776,0.6966008937534686
-0.5172868789454399,0.4970554118265717,0.6966707991905525
-0.5173079567399891,0.49693276400038006,0.6967426396858744
-0.5173246487014725,0.49681111657086185,0.6968169934046612
-0.5173368216614179,0.4966897106196341,0.6968945001345945
-0.5173445947813168,0.496567788735917,0.6969756103627134
-0.5173482802824569,0.4964447889522767,0.6970604912135774
-0.5173482356449324,0.49632040740929045,0.6971490918477563
-0.5173447669823054,0.49619446452316424,0.6972413107759712
-0.517338153563465,0.4960666434684646,0.6973371638637053
-0.5173286602721995,0.4959364432893941,0.6974368082331451
-0.5173164218452839,0.49580357165188543,0.6975403486726959
-0.5173013757235739,0.4956683496608183,0.6976476000238363
-0.517283406478917,0.4955315636851979,0.6977580861396522
-0.5172625506109155,0.4953939736877199,0.6978712378149574
-0.5172390788168796,0.49525615134915546,0.697986446784956
-0.517213399138576,0.4951185912780963,0.6981030585252535
-0.5171859166952595,0.49498161716823963,0.698220542692349
-0.5171569516883151,0.49484518785151915,0.698338691023664
-0.5171266748078853,0.49470887279563547,0.698457681881595
-0.5170951158644707,0.49457190337840695,0.6985780368275039
-0.517062214830578,0.4944332990691716,0.6987004928909615
-0.5170278344258495,0.4942921098485451,0.6988258213391876
-0.5169917526337272,0.49414761637838883,0.6989546916190376
-0.5169537194837545,0.49399933115743283,0.6990876287904977
-0.5169135264126135,0.4938469118028787,0.6992250238045232
-0.5168710336266756,0.4936902110727782,0.6993670782132998
-0.5168262258261417,0.49352932456432286,0.6995137297390163
-0.516779319592832,0.4933644370188,0.6996646819200554
-0.516730872772969,0.4931956264912058,0.6998194618137115
-0.5166818584760993,0.4930228026351611,0.6999774090665035
-0.5166336010858809,0.4928458273143855,0.7001376384167858
-0.5165874096745543,0.4926648194183771,0.700299096010549
-0.51654410981626,0.4924803699776583,0.7004607539332923
-0.5165038268822106,0.4922934343921666,0.7006218461269939
-0.5164661096120908,0.49210505174158603,0.7007819744204061
-0.5164302683139697,0.4919161946249035,0.7009409643007858
-0.5163956867662477,0.4917277127764308,0.7010986743511041
-0.5163620431587475,0.4915402065600063,0.7012549220646299
-0.5163295095194876,0.49135395213506927,0.7014093892446932
-0.516298797461626,0.49116897717989755,0.7015615351455153
-0.5162708623841015,0.49098528488112714,0.701710657381926
-0.5162465154489732,0.4908029556440113,0.7018561063479436
-0.5162263076745727,0.490621988694928,0.701997481102113
-0.5162104368381049,0.4904423254531798,0.7021346810288539
-0.5161985578927971,0.49026411866224273,0.7022678568621313
-0.5161898733072571,0.49008774393424687,0.702397336228205
-0.516183448791682,0.48991349703245773,0.7025236028910011
-0.5161784712241478,0.48974138610182194,0.7026472518865833
-0.516174357293276,0.48957116866103995,0.7027688835518666
-0.5161707680695417,0.48940240432046833,0.7028890558515222
-0.5161675930260301,0.4892345771168679,0.7030082108076646
-0.5161649112923143,0.4890673344636361,0.7031265367707517
-0.516162974940585,0.4889005935360816,0.7032439071478345
-0.5161621195210757,0.48873450349953096,0.703359972887694
-0.5161626163984233,0.48856936283375907,0.7034743286950482
-0.5161646454959947,0.488405534880503,0.703586591854964
-0.5161683166851264,0.4882433973773092,0.7036964215966328
-0.5161736653783934,0.48808333849091623,0.7038035250390524
-0.5161807261801462,0.48792568717430923,0.7039076514114725
-0.5161896047402812,0.4877705638846351,0.7040086426782965
-0.5162005152979472,0.48761778086063334,0.7041064747569682
-0.5162138996280697,0.48746678924460696,0.7042012064845778
-0.5162305888001828,0.4873166394920389,0.7042928879814155
-0.5162518768935365,0.48716617551941205,0.7043813718673217
-0.5162794428405268,0.48701442165455205,0.7044661028046397
-0.5163152142708239,0.4868607036312001,0.7045461338849329
-0.516361260866808,0.48670437923852433,0.7046203910660569
-0.5164195992697261,0.4865444573887041,0.7046880788507971
-0.516491848595896,0.4863795406691971,0.7047489714447371
-0.5165788917476309,0.48620809607727183,0.7048034732531501
-0.5166808154168439,0.4860286585209003,0.7048525222176334
-0.5167971424715098,0.4858397694071886,0.7048974620437017
-0.5169271203878674,0.4856397545679423,0.7049399839636677
-0.5170701097644441,0.48542664083924886,0.7049818990241583
-0.5172259916308691,0.4851982472909144,0.7050247757400365
-0.5173953167672471,0.4849522509276341,0.7050697841402233
-0.5175791361437257,0.48468642715409843,0.7051176534177183
-0.5177785643456679,0.4843991258059605,0.7051686643793528
-0.5179942636939786,0.48408956019977184,0.7052228303775513
-0.5182260282741655,0.48375783664823263,0.7052801848206185
-0.5184725038405139,0.4834048384693821,0.7053410699128039
-0.5187312085798071,0.48303202764010444,0.7054062613269193
-0.518998904411407,0.48264126292139714,0.7054768235352584
-0.5192721244701584,0.4822346437903042,0.7055538314520636
-0.5195476918982807,0.4818143693628313,0.7056380866412091
-0.5198230588279452,0.48138266073277775,0.7057299210438721
-0.5200964895034529,0.48094174417918323,0.7058290730141893
-0.520367059078087,0.4804939794650714,0.7059346000333474
-0.5206344051541315,0.4800420752596824,0.7060449151082254
-0.5208983983072175,0.4795890563176008,0.7061580529183028
-0.5211587763323411,0.4791379789662523,0.706272133786908
-0.5214148156308936,0.47869165569813854,0.7063857931793193
-0.5216652277157547,0.47825269901578965,0.7064982279357693
-0.5219084433729013,0.4778237395767747,0.706608838490534
-0.5221431897309744,0.47740730599430464,0.706716883625136
-0.5223690329964235,0.47700542939515306,0.7068213449620258
-0.5225864913445805,0.47661949154355016,0.7069209427828039
-0.5227965414502277,0.47625051664968043,0.7070143008727566
-0.5230000595712475,0.47589936300217905,0.7071002290924475
-0.5231974994017128,0.4755666212942079,0.7071780294456312
-0.5233887370836775,0.47525264040635967,0.7072475929126493
-0.5235732147897204,0.4749576219861883,0.7073092294548279
-0.5237502508100652,0.4746816503866107,0.7073634183095965
-0.5239192547759386,0.4744246659174803,0.7074106663347056
-0.5240798250368561,0.4741863282079629,0.7074515270532592
-0.5242318707920688,0.4739658930458183,0.7074865920108505
-0.5243756687537037,0.47376236637236296,0.7075163448489123
-0.5245118017327245,0.47357477751391824,0.7075410235072833
-0.524641061388987,0.47340222760947803,0.7075606600136989
-0.524764206640991,0.4732438767397059,0.7075752684745458
-0.5248816625691518,0.4730989741267526,0.7075850485834598
-0.5249933407471413,0.47296678644769974,0.7075905674106263
-0.5250986383722327,0.47284645172591755,0.7075928582665576
-0.5251966708511189,0.47273700340424724,0.7075932324007023
-0.5252866599060892,0.4726375900806994,0.7075928443444107
-0.525368234571424,0.4725476422362495,0.7075923571663749
-0.525441558995665,0.47246693833001313,0.7075918034186579
-0.5255073241676331,0.47239554900542274,0.7075906284894109
-0.5255665288671111,0.4723335838070786,0.7075880223283444
-0.5256201768734332,0.4722809080588814,0.7075833332877614
-0.5256690177698012,0.4722370297663535,0.7075763361464151
-0.525713371812708,0.472201095238644,0.7075673652400445
-0.5257532229817449,0.4721719291619843,0.7075572187715689
-0.525788454129916,0.47214817463213615,0.707546890810224
-0.5258190273417115,0.4721285185814603,0.7075372869520673
-0.5258451348204993,0.47211184120678906,0.7075290125344306
-0.5258672657188039,0.47209709222108986,0.7075224055546374
-0.5258861965416511,0.47208310217459104,0.7075176696932527
-0.5259028794374728,0.4720686340825261,0.707514922891972
-0.5259184478829608,0.4720524827527183,0.7075141268578119
-0.525934410744352,0.4720336769077967,0.7075148079439023
-0.5259525078060043,0.47201181239785783,0.7075159422157669
-0.5259742537988659,0.471986994155046,0.707516333160734
-0.526000637454841,0.47195942190279894,0.7075151118345647
-0.5260320861586553,0.4719289473960278,0.7075120585129628
-0.5260686098511109,0.471894859645754,0.7075076389476187
-0.5261100631459508,0.4718560192860941,0.7075027197969243
-0.5261564355513262,0.4718110697971898,0.7074982118314891
-0.5262080611895095,0.4717586790892654,0.7074947526611975
-0.5262656262339631,0.4716977835256151,0.7074925382373983
-0.5263300321170595,0.4716277363401138,0.7074913254636803
-0.5264023065983549,0.4715482452702531,0.7074905398593517
-0.5264836047537482,0.4714590681865469,0.7074894776250542
-0.5265753001673796,0.4713598471560769,0.707487348114886
-0.5266791424731353,0.4712502518082541,0.7074830606130582
-0.5267975340171518,0.47113015748261394,0.7074748991051591
-0.5269341009986387,0.47099962572733667,0.7074601089598377
-0.5270948810535182,0.47085850662593026,0.7074342747599781
-0.5272903361876562,0.4707056234225818,0.7073903571872231
-0.5275380379101854,0.47053745794911045,0.7073175518991882
-0.5278680214373069,0.47034517454748465,0.7071992425927498
-0.528331870098478,0.4701102555691921,0.707009040003672
-0.5290102218724377,0.46980151942632437,0.7067069530570582
-0.5300131723195856,0.4693756233021288,0.706238317721056
-0.5314733277749283,0.4687814677409253,0.7055352842817343
-0.5335340539153179,0.4679661250751346,0.7045204887686732
-0.5363361793674656,0.46687939386561994,0.7031124620465642
-0.5400058039306318,0.46547707466005556,0.7012309353466581
-0.5446443455101301,0.4637227115635361,0.6988016769327356
-0.5503216466516058,0.4615874549986829,0.695760811352942
-0.5570720463227796,0.4590506659344992,0.6920572384643077
-0.5648930577293805,0.45610219912739386,0.6876529773659865
-0.5737465161982993,0.4527450686157994,0.6825224084192326
-0.583561432443226,0.4489974652597982,0.6766515578605333
-0.5942382105481022,0.44489303046776574,0.6700381635144351
-0.6056539934071091,0.44047839928528304,0.6626930058730787
-0.6176698755568879,0.43580807699335894,0.654641310075135
-0.6301404626854779,0.43093946579129805,0.645921182583481
-0.6429227463614652,0.42593072208023797,0.6365794233237815
-0.6558815534848291,0.42084110168425887,0.6266674995015351
-0.6688928325787256,0.41573126996608956,0.6162385006612224
-0.6818456854836639,0.4106623472465319,0.6053452715114586
-0.694642797014474,0.40569487930485093,0.5940396026038421
-0.7071999883534789,0.40088778280815307,0.5823720134656218
-0.7194455053382377,0.3962958785847464,0.5703926204513446
-0.7313191466743905,0.39196669092540015,0.5581526842293543
-0.7427714391999104,0.3879388466679908,0.5457050855130481
-0.7537631802185986,0.3842423264339827,0.5331030882703129
-0.7642650733710012,0.38089923747188437,0.520398566983572
-0.774256861947389,0.37792421391721615,0.5076412121394758
-0.7837260653782555,0.3753241777987358,0.4948789912760708
-0.7926666135138,0.3730982545756539,0.48215903211820543
-0.8010776042013144,0.3712392777475993,0.4695274972826652
-0.808962445564758,0.3697367196608285,0.4570279201540492
-0.8163284810322364,0.3685782302343011,0.44469978553283807
-0.8231869429912076,0.36774865143717556,0.43257853189326084
-0.8295527783503034,0.36722915311940535,0.4206957772910215
-0.8354441477123361,0.36699789212827955,0.4090789938711203
-0.8408817358548152,0.3670312190106097,0.3977511666574705
-0.845888075979259,0.3673045214570489,0.3867308514113084
-0.8504869378211538,0.3677926363997323,0.37603263848465507
-0.8547028185897659,0.36847002388291566,0.3656677910268191
-0.8585606439621387,0.36931105421272026,0.35564443743099233
-0.8620855807015648,0.3702908578206365,0.3459669524115028
-0.8653027546474982,0.3713863144581585,0.33663533420102737
-0.8682369927436484,0.3725762074019661,0.3276453785870221
-0.8709127354554207,0.3738405744215181,0.3189893918890499
-0.8733538974379449,0.3751602640224679,0.3106569589250239
-0.8755836454623402,0.37651701601989496,0.30263545140375264
-0.8776241015109485,0.377893839996302,0.29491046461587245
-0.8794959153650664,0.37927532675680137,0.2874668004651763
-0.881217859947795,0.380647819363744,0.28028970891321514
-0.8828065673339222,0.38199974448856755,0.2733656157653451
-0.8842764297805986,0.3833219382981905,0.2666823716592389
-0.8856396059889814,0.38460779174154497,0.26022938887714847
-0.886906077549519,0.3858531713169596,0.2539979129645984
-0.8880839522955623,0.38705573542070215,0.24798135283329883
-0.8891798945381537,0.388214276679291,0.24217512368427238
-0.8901992897575182,0.3893290269629612,0.23657585100615025
-0.8911464705264946,0.39040162665044553,0.23118074741824335
-0.8920253067000973,0.39143387015964687,0.22598756049490423
-0.8928396948347308,0.39242669166010485,0.22099450445685215
-0.8935936986201143,0.3933800801560447,0.2161999406171245
-0.8942915575515714,0.39429333452157506,0.21160192920633247
-0.8949376380617835,0.395165456218589,0.20719769832686502
-0.8955362554776723,0.3959956428243711,0.20298341308871065
-0.8960915817495262,0.3967832885948506,0.1989545149261197
-0.8966077185153954,0.3975275393235116,0.19510626483537452
-0.8970886488622074,0.39822728031951404,0.19143403378684323
-0.8975380503215652,0.39888158353283054,0.18793331408588815
-0.8979591959919051,0.399489941303388,0.18459975387574878
-0.898355054641556,0.4000519332708124,0.18142945319394124
-0.8987283898943671,0.4005668802941834,0.1784193252124437
-0.8990816917858486,0.40103408675813507,0.1755670036013741
-0.8994170704256275,0.4014533465871091,0.17287030959939936
-0.8997363131638243,0.40182499105788594,0.1703268720305129
-0.9000410824630537,0.40214946570117494,0.1679340856258614
-0.9003329979008847,0.402427118472694,0.16568918856874654
-0.9006134727020262,0.40265851540270303,0.1635894029614627
-0.9008835113050693,0.4028448569469363,0.1616320521742255
-0.9011437119815631,0.40298807168827466,0.15981434363991173
-0.901394442558399,0.40309060871679486,0.15813291905595425
-0.9016360577833612,0.40315498057301447,0.15658378250652774
-0.9018690352142481,0.40318332149764885,0.15516266492892222
-0.9020939545107629,0.40317734981198544,0.15386527169480904
-0.9023113105716971,0.40313882011938995,0.15268723105463858
-0.9025213433369855,0.4030699636230668,0.15162397319059653
-0.9027240531285066,0.40297349510869235,0.15067065455199313
-0.9029193306361211,0.40285233773596507,0.14982214904441532
-0.9031071051989441,0.4027092365993506,0.14907322796784098
-0.9032873870300632,0.40254658561526524,0.148418808922228
-0.9034602278264182,0.40236653404683026,0.14785394487458786
-0.9036256826441887,0.4021711810589456,0.14737356205058233
-0.9037837936628011,0.4019626251869636,0.14697245410375318
-0.9039346623825824,0.40174268546659386,0.14664563006573508
-0.9040785090077347,0.401512781065679,0.14638830619709894
-0.9042156637836051,0.4012740536982213,0.1461956469836621
-0.9043465847086641,0.4010273117426963,0.14606282881760643
-0.9044718715908001,0.40077294250676826,0.14598521176989773
-0.9045922397652785,0.4005109594062196,0.14595838842610817
-0.9047084388428921,0.400241213327048,0.1459781211036417
-0.904821172074663,0.39996358968196843,0.14604031461944722
-0.904931133194348,0.3996778729958537,0.14614117151953868
-0.9050389961276126,0.3993837512133617,0.1462772530336376
-0.9051452287071406,0.39908126872656463,0.14644540245529572
-0.9052500038865436,0.39877100063946924,0.14664282973404882
-0.9053533261029933,0.39845374923584953,0.1468671666307408
-0.9054551738349735,0.398130290385152,0.14711628072145
-0.9055555598774027,0.39780132195211854,0.14738804642260084
-0.9056545234028693,0.39746753776668764,0.14768019725612602
-0.9057521478533256,0.3971295938983769,0.14799031153828177
-0.9058485881715899,0.39678801490604476,0.1483159011517572
-0.9059440010320692,0.39644332273012634,0.14865449490917906
-0.9060384356445426,0.39609620304415405,0.14900386259689466
-0.9061317698007376,0.3957475233581363,0.14936235641447396
-0.9062237493664667,0.3953981573590791,0.1497291329074884
-0.9063141566368255,0.39504863132685264,0.15010405846099004
-0.9064029329696118,0.3946990157685523,0.1504872421683032
-0.9064900869300606,0.39434929923522927,0.15087860183013022
-0.9065755643105414,0.39399973688202516,0.1512777364053222
-0.9066591965253875,0.3936509827221115,0.1516838988088539
-0.9067406800268545,0.3933041447739537,0.15209598577236141
-0.9068196911378547,0.39296050248302267,0.15251259375191376
-0.9068960782608075,0.39262106548083797,0.1529320181513957
-0.9069699547660884,0.39228636333063727,0.15335224255426694
-0.9070416516929647,0.3919564912833628,0.15377109947884812
-0.9071115483524304,0.39163138417658205,0.15418656807125194
-0.9071799731086624,0.39131090657406814,0.15459712412185272
-0.9072472468833622,0.39099465249546145,0.15500198302767862
-0.907313725321584,0.3906818723875632,0.15540102454880064
-0.9073798254706636,0.39037149420714345,0.15579457256050383
-0.9074460337938666,0.3900621855943913,0.15618318450174898
-0.9075128311438403,0.3897526202011743,0.15656741792471046
-0.9075805927423292,0.38944175329840847,0.1569477252633629
-0.9076495467547008,0.38912892265530125,0.15732444765233022
-0.9077197540342505,0.3888138695492407,0.15769788515432204
-0.9077911023202406,0.38849672009628683,0.15806838084395533
-0.9078632895142948,0.38817804582184395,0.15843627202827656
-0.9079357897055095,0.38785894151064787,0.15880189942841577
-0.9080079121882686,0.3875408170055238,0.1591657832519061
-0.9080789316386825,0.3872250615376157,0.15952869845623013
-0.908148203206208,0.386912819105894,0.15989156145608682
-0.9082152248104725,0.38660490958106364,0.1602552629721737
-0.908279646303584,0.38630193711567684,0.16062035204578543
-0.9083412810978955,0.3860043816592102,0.1609867522292589
-0.9084000685040605,0.38571264520778203,0.1613538684650411
-0.9084559727481175,0.3854271302590286,0.16172097216675854
-0.9085089152151606,0.38514824608771697,0.16208756741381372
-0.9085587325125764,0.3848764136581513,0.16245361117802354
-0.9086051054622933,0.38461225570600666,0.1628194554977757
-0.9086475544445286,0.38435670089832286,0.16318562521415494
-0.9086856443301681,0.3841105046805332,0.16355280487455257
-0.9087192566359049,0.38387360041874774,0.16392184576997681
-0.9087486999255989,0.38364493443128606,0.1642935320356465
-0.9087746519547272,0.3834226939182547,0.16466836293906847
-0.9087979695952543,0.38320479442288136,0.1650464661568389
-0.9088194090102549,0.3829895482057005,0.16542759072006225
-0.9088394894069393,0.38277596467820524,0.16581116777588722
-0.9088585890565041,0.3825635086519847,0.16619635057997972
-0.9088770049572129,0.38235195292034807,0.16658203371913313
-0.908894917449234,0.382141428654521,0.1669669354717628
-0.9089123775832462,0.3819323771995203,0.16734978076679355
-0.9089292942160205,0.3817254902638839,0.1677295090279712
-0.9089454561354099,0.38152157044247237,0.1681054700415819
-0.9089606216497763,0.38132124074646523,0.16847759389790828
-0.9089746035093497,0.38112479010419,0.16884627488653
-0.9089873322988921,0.3809322053593489,0.16921195182435111
-0.9089989090264615,0.38074318916019906,0.16957478378822582
-0.909009583494431,0.3805571995282173,0.16993467863423842
-0.9090196697046541,0.38037353301231025,0.17029156019537375
-0.9090294310686791,0.3801915670415683,0.17064543885328495
-0.9090389705100208,0.3800111281052754,0.17099617718018598
-0.9090482439509641,0.3798324954399765,0.1713434141643872
-0.9090571579358964,0.37965604939388564,0.1716868304912704
-0.9090655835731708,0.3794821183413806,0.1720264125705957
-0.9090733055429078,0.37931104362138596,0.17236257521906032
-0.9090800327709426,0.3791431474125397,0.17269617189531192
-0.9090854432276441,0.37897875665874353,0.17302820265202656
-0.9090892361413999,0.3788182745304643,0.17335938282541247
-0.9090912053148247,0.3786620525791981,0.17369004103790187
-0.9090912985637588,0.3785101572003432,0.1740203199969196
-0.9090896234758964,0.3783622758144361,0.17435035052724643
-0.9090863605180777,0.3782179384691953,0.1746802225213484
-0.9090816554843553,0.37807686445072264,0.17500979466570996
-0.9090756239546766,0.3779389836290438,0.17533862833061326
-0.9090684659337983,0.37780405316142524,0.17566622230687837
-0.9090604498436335,0.37767156470902413,0.1759922945481653
-0.9090516860707161,0.37754120592901824,0.17631695856511048
-0.9090420410001337,0.3774129915620384,0.1766408828513486
-0.9090313325008738,0.3772867800511248,0.1769653133536069
-0.9090194934978172,0.377162003781433,0.17729180281261261
-0.9090065527640817,0.3770379336348414,0.1776217431294094
-0.9089926123003228,0.37691384514372106,0.17795612976913752
-0.9089778288629112,0.376789032658314,0.17829562951480377
-0.908962294721991,0.37666307748163164,0.1786406248192131
-0.9089459797855542,0.3765360051611219,0.178991180366471
-0.9089288066496963,0.37640811906305394,0.17934701655107843
-0.9089107254170921,0.3762797648195403,0.17970762868928786
-0.9088917888034996,0.37615107629195826,0.18007244111739074
-0.9088721746072358,0.376021914382062,0.18044082168169032
-0.9088520836432707,0.37589209869399975,0.18081211297008176
-0.908831663058316,0.3757615413166155,0.18118573975348415
-0.9088109907509394,0.37563026220407847,0.18156125469601495
-0.9087900688087576,0.37549842887773116,0.18193828828734515
-0.9087689075749464,0.3753661664424279,0.18231652068683754
-0.9087476096822488,0.37523334966123556,0.18269569014842246
-0.9087262985581834,0.3750997961790029,0.1830755505664634
-0.9087050047533123,0.3749655577394149,0.1834558389516454
-0.9086837171802631,0.37483080282768455,0.18383626242668577
-0.908662544445884,0.37469548034842093,0.18421638723956718
-0.9086417827541875,0.3745592133265161,0.18459552092484127
-0.9086218909920722,0.3744213443991703,0.18497274412277245
-0.9086034041702332,0.3742810286734954,0.18534714863027688
-0.9085867970775123,0.37413742958194873,0.18571810886997467
-0.9085722952542149,0.3739901594926476,0.1860853161836036
-0.908559730488094,0.3738396755930291,0.18644868754673694
-0.9085486222549043,0.373687050886494,0.18680842860660762
-0.9085383354494466,0.3735335238944051,0.18716516648611936
-0.9085281403952117,0.37338031039632874,0.1875200307123474
-0.9085172171330691,0.37322843124823996,0.18787496980907717
-0.9085046698397,0.3730784047567229,0.18823328287961338
-0.9084895377452649,0.37292989827226397,0.18860024067331901
-0.9084708610369734,0.37278141878149884,0.1889833549760217
-0.9084477922289469,0.3726304868966245,0.18939147031885267
-0.9084196348535672,0.3724743214322309,0.18983320806990192
-0.9083859051949458,0.37231009533570586,0.19031615841613858
-0.9083464305548631,0.37213439377045776,0.19084746545692807
-0.908301396790412,0.37194229822451996,0.19143536606397724
-0.9082509407477095,0.3717271193742906,0.19209158584537916
-0.9081939413632615,0.37148075886468157,0.19283622757247906
-0.9081267581511908,0.37119266317293736,0.19370544116361543
-0.9080424720982068,0.37084768889296377,0.1947584671035512
-0.9079300309526364,0.3704260534813117,0.1960805900557355
-0.9077728411314837,0.36990700230666845,0.19778088519512824
-0.907547529319138,0.3692740330794503,0.19998542576889394
-0.9072239037985063,0.36851793277539224,0.20282830571582033
-0.9067659854531317,0.3676368270807102,0.2064427547753589
-0.9061332218341196,0.3666351254155466,0.21095323913143596
-0.905281331788547,0.3655227758959109,0.21646895993768353
-0.9041627217052044,0.3643152875575884,0.22307878413347373
-0.9027273665589436,0.3630328820125404,0.23084719674109902
-0.9009239522288776,0.36169952926942334,0.23981134841073873
-0.8987001042177866,0.36034462876410944,0.24997974157878416
-0.8960030332550346,0.3590042443570044,0.261332196507498
-0.8927815505767379,0.3577197284310906,0.27382055956589957
-0.8889884385734039,0.3565354775463356,0.28737085679245183
-0.8845826792903103,0.3554963600521017,0.3018871005678821
-0.8795315263169976,0.35464497138441586,0.31725579346363314
-0.8738122839631893,0.3540192410903059,0.3333503702306009
-0.867413857104299,0.35365033614931124,0.35003519857997434
-0.8603378199108713,0.35356144789530997,0.367169086652432
-0.8525986493098764,0.35376799667471104,0.3846085642880775
-0.844223395850704,0.3542782701004134,0.40221109536282557
-0.8352508244112197,0.3550940612452675,0.41983838317705074
-0.8257300347832879,0.3562110589557382,0.4373597959740034
-0.8157189374846016,0.3576189553191823,0.45465514164629156
-0.8052826421196588,0.35930199761822185,0.4716163067667792
-0.7944917030363232,0.36124008631903876,0.488148065491052
-0.7834203988122277,0.36341006977817986,0.504168225802369
-0.7721450553539292,0.36578701393757856,0.519607422894542
-0.7607423662099152,0.36834513975095556,0.5344089354372626
-0.749287881303614,0.3710580269132673,0.5485285877643702
-0.7378547992045487,0.37389813032550173,0.5619345899923844
-0.7265130552199799,0.3768364339398316,0.5746068940157624
-0.7153285077605769,0.3798428471546939,0.5865360495744845
-0.7043623637396377,0.3828871721630164,0.5977215689099057
-0.6936710534396198,0.3859402722059054,0.6081698577779072
-0.6833061914564941,0.3889746675866382,0.6178926740891864
-0.6733145101112026,0.3919641426493661,0.6269064374776022
-0.6637378353099209,0.3948832916368317,0.6352316679481284
-0.6546130319867928,0.3977074659614168,0.6428923314767463
-0.645971872839662,0.4004127431236585,0.6499153596001611
-0.637841202416039,0.402975779847267,0.6563300399623261
-0.6302438209140074,0.40537387570507777,0.6621667064233573
-0.6232003480534548,0.4075851260168881,0.6674546360883639
-0.6167318465152893,0.4095876375456369,0.6722200507747634
-0.6108627636752955,0.4113578379257251,0.6764845993310218
-0.6056248868413238,0.4128688800241249,0.6802630258554837
-0.6010608070489877,0.4140897855724083,0.6835609378206281
-0.5972250669766046,0.41498524737650383,0.6863741427491659
-0.5941841160573749,0.4155165654063314,0.6886880426565005
-0.5920136225895398,0.41564542936139254,0.6904771884134866
-0.5907925046976458,0.4153387359021393,0.69170654966705
-0.5905967149007872,0.41457071259098505,0.6923342000870686
-0.5914940241758264,0.41332344354374495,0.6923139102902871
-0.5935395118168705,0.411587950904159,0.6915968526408335
-0.5967713385853549,0.40936511328626257,0.6901334461299272
-0.6012070516774034,0.4066654837900398,0.6878759083636937
-0.6068410458248824,0.4035080750921939,0.6847811171736232
-0.6136431697071283,0.39991916323259913,0.6808132806806328
-0.6215587002994735,0.3959319294379367,0.6759457739594072
-0.6305101064858619,0.39158611616554523,0.6701621589179527
-0.6404000485656861,0.38692689179727874,0.663457126121322
-0.6511146851518089,0.38200355177133705,0.6558375966759943
-0.6625270524859588,0.3768687659427195,0.6473235960329883
-0.6745007926632878,0.37157797763874223,0.6379486556381313
-0.6868942930316354,0.366188287456601,0.6277598014608545
-0.6995650245921848,0.3607569991263292,0.6168169614632055
-0.7123744190385736,0.35534005612707203,0.6051909877146753
-0.7251927740172237,0.34999065193699164,0.5929603562380235
-0.7379028021566842,0.344758448120826,0.5802077791779707
-0.7504015913424396,0.33968880729628326,0.5670176063477772
-0.7626018028251667,0.3348211924511861,0.5534738109552895
-0.7744322172887954,0.3301873698873932,0.5396582637114026
-0.785837035018079,0.3258107894034505,0.5256495828042623
-0.7967741388075307,0.3217074753697222,0.5115225039221221
-0.8072130358118214,0.3178876932095083,0.4973474935308318
-0.817132944342295,0.31435736649223334,0.48319064291701636
-0.8265211081628892,0.31111917336228384,0.469113757768368
-0.835371412373802,0.30817335939360724,0.4551744544113366
-0.8436832505314666,0.3055182348948081,0.4414263029310999
-0.8514606159465836,0.3031503739820251,0.4279189996324337
-0.8587115591632093,0.30106471462289053,0.4146980778452289
-0.8654476657408054,0.299255333548918,0.4018041602650685
-0.8716834347895562,0.29771574642320625,0.38927281416142423
-0.8774358953854909,0.29643793035579996,0.3771349929871685
-0.8827242115938586,0.2954120234071319,0.36541716255877327
-0.88756902635471,0.294626866029471,0.3541415441167617
-0.8919919271777141,0.29406959972242,0.3433270632631269
-0.8960151852645112,0.29372513603952555,0.3329899881887832
-0.8996614858272077,0.29357703990617867,0.3231435169690195
-0.9029535636733678,0.2936088514136657,0.31379723424707445
-0.9059140969256837,0.2938043798275507,0.3049567762576711
-0.9085657367361609,0.29414745661758906,0.29662362649404844
-0.9109308837936678,0.29462171073930227,0.2887957280015308
-0.9130315421237629,0.2952100606441483,0.28146833424309364
-0.9148893145284149,0.29589496366579715,0.27463377912948694
-0.9165251493287541,0.29665973283955593,0.26828092283922944
-0.917959072019297,0.29748864001629394,0.2623959815979029
-0.9192100828892086,0.2983654019826094,0.25696480384397047
-0.9202961428271019,0.29927152237203497,0.2519753269561985
-0.9212345125711108,0.3001851360278227,0.24741838443378802
-0.9220419209036723,0.30108196709498436,0.2432865495387708
-0.9227343444940975,0.3019368974627521,0.2395734531237042
-0.9233272196352418,0.3027234674869173,0.23627388284224593
-0.9238355351343557,0.3034146290965959,0.23338266189499568
-0.9242734881078768,0.3039844604200891,0.230893843581863
-0.9246545339364342,0.3044066870102873,0.22880245141653682
-0.9249912926317285,0.30465463123346526,0.22710496300936542
-0.9252942158432763,0.30470850568360247,0.22579490847014808
-0.9255697665745076,0.30456394045928414,0.22485865199081198
-0.9258199995565297,0.30423241647423455,0.22427653730917826
-0.9260438409998266,0.30373520113917524,0.2240261862712321
-0.92623884903363,0.3030973132209267,0.22408394243923874
-0.9264026177604302,0.30234337570391673,0.22442520574699812
-0.9265339051597614,0.3014942421789286,0.22502476424241785
-0.926633604730993,0.30056381682951266,0.22585737666970504
-0.9267045418515157,0.29955819541470885,0.22689993316802765
-0.926749354123683,0.29847920183135623,0.22813548760649438
-0.9267682707156847,0.297327720077815,0.22955783425530887
-0.9267584147626908,0.29610321197284195,0.23117467103017686
-0.9267139082056631,0.29480405707421736,0.23300622367389123
-0.9266259358311325,0.29343147013121135,0.23507944908416412
-0.9264832088398863,0.2919927566462059,0.23742176354306121
-0.9262731943667756,0.2905007733062756,0.2400568059981336
-0.9259833519738172,0.2889713042868565,0.24300291596210694
-0.9256017507085695,0.2874205570162347,0.24627387699410683
-0.9251172238605928,0.28586307063704036,0.24988082551975133
-0.9245197532684378,0.28430980738721756,0.2538329356878457
-0.9238011901668103,0.282767609664661,0.25813531329695816
-0.9229557483192367,0.2812398485381814,0.2627866705879478
-0.9219803745049276,0.2797262086706313,0.2677787094048136
-0.920875201345341,0.27822191706542004,0.27309600585072696
-0.9196433722639702,0.27671939113745037,0.2787157089571227
-0.9182900609412139,0.2752123505050479,0.2846076704975961
-0.9168214929958733,0.2736991777033473,0.2907354641342009
-0.9152444859507262,0.27218350539100505,0.29705836182450035
-0.9135665097062199,0.2706720495719756,0.3035339749084131
-0.91179586509052,0.2691715094575591,0.3101209423759859
-0.9099416556475536,0.26768636015427605,0.31678099044094227
-0.9080131868913323,0.26621896781743704,0.32348031409293665
-0.9060190277427431,0.2647706732399296,0.33019087201218783
-0.9039666558407043,0.2633406009290093,0.33689169332371766
-0.901862733926306,0.2619228581999583,0.34356953518514044
-0.8997136505862153,0.26050515198069263,0.35021766480339317
-0.8975257732516959,0.2590719829318431,0.3568321650422061
-0.8953052211816714,0.25761132433765477,0.36340743869359365
-0.8930581571641002,0.2561175730234886,0.3699336652850336
-0.8907915673721309,0.2545896225230775,0.37639674228433384
-0.888513606455618,0.253029021308187,0.38277916024654784
-0.8862337476938995,0.251439009320947,0.38906062386230583
-0.8839628457873429,0.249824411984954,0.39521823141640927
-0.8817130655437778,0.2481916163401258,0.4012268580589659
-0.8794977660018432,0.246547757440245,0.40706004827169323
-0.8773307590591553,0.24490264010223653,0.4126904846003128
-0.8752254592210436,0.24327287499902,0.4180893490882358
-0.873194705190805,0.2416831931507133,0.4232259927925247
-0.8712507856867608,0.2401634385955741,0.4280696102296354
-0.8694053720112169,0.23874302598700367,0.4325922637549202
-0.8676691559671625,0.2374462266901283,0.43677170834871176
-0.8660511975450204,0.23628967118451683,0.44059336640756297
-0.8645584026195781,0.23528109213518633,0.4440513215198863
-0.8631953127642653,0.2344194027314449,0.4471480690384729
-0.8619641446170462,0.23369694434817245,0.4498928223443125
-0.860864936069164,0.2331034469612361,0.45229895518497965
-0.8598958019765583,0.23262879736218173,0.4543820555225708
-0.8590531592169689,0.2322634368205243,0.45615936420911446
-0.8583316326686243,0.23199816622368388,0.45765014938188514
-0.8577237792564337,0.23182339826919907,0.45887670513219647
-0.8572198244314128,0.23172770479221733,0.4598656797734626
-0.8568071116782281,0.23169737946498603,0.4606494303987258
-0.8564687868847884,0.23171855872205752,0.4612675217657008
-0.8561815873506847,0.23177983689628662,0.46176963595497766
-0.85591346170226,0.2318714417887772,0.4622204891170962
-0.8556228458297154,0.2319816234974769,0.46270300631585914
-0.855260880350687,0.23209431860865784,0.463315285536049
-0.8547758061747931,0.23219242177195382,0.4641605330593153
-0.854117966867316,0.2322654394344015,0.46533349795473244
-0.8532446016968763,0.23231205781176198,0.46690979586040343
-0.8521239508770492,0.2323346305944437,0.46894071242347013
-0.8507379143896495,0.23233338826001868,0.4714511615422842
-0.8490829004176923,0.23230446497040494,0.47443952593886307
-0.8471686344640116,0.23224044579429615,0.4778804035714883
-0.8450153363184573,0.23213291279906637,0.48172958408429256
-0.8426508830653209,0.23197512391067449,0.48592903921854913
-0.840108479091334,0.23176314533659892,0.490411651393533
-0.8374242665551915,0.2314957963342008,0.4951063462167434
-0.8346347342203272,0.23117445237462397,0.49994322977939865
-0.831774012147355,0.23080322044296417,0.5048582634259325
-0.8288706185585349,0.23038956429876925,0.5097981427512411
-0.8259432736442752,0.22994614058625096,0.5147256367728987
-0.8229976797899293,0.2294906375363517,0.5196237738436837
-0.820025790055225,0.2290420905632167,0.5244973063750997
-0.8170068352470948,0.22861776685715923,0.5293710870804829
-0.8139094284120447,0.22823220152242626,0.534285976355552
-0.8106939543120625,0.22789842123651452,0.5392936324858432
-0.807315333979878,0.22762853805741393,0.5444512835716365
-0.8037260885018439,0.22743133109531258,0.5498175736530623
-0.7998782604874211,0.22730998083905796,0.5554502147002598
-0.7957242661802914,0.22726141820993914,0.5614046134518704
-0.791218379628789,0.22727660670367492,0.5677312918827502
-0.7863196345725274,0.22734228723934644,0.5744709885786309
-0.7809947452859508,0.2274445406069855,0.5816495412048482
-0.7752193206527512,0.22757254650349604,0.5892756069655362
-0.7689771872480969,0.2277206603674043,0.5973419341832937
-0.7622594049922455,0.22788698087525988,0.6058284604146842
-0.7550642494690356,0.22806813774561865,0.6147055422875308
-0.7473970467444748,0.2282538389949125,0.6239373682523927
-0.7392691610152536,0.228424730665715,0.6334850037625978
-0.7306969059548699,0.22855506961503533,0.6433075561356685
-0.7217005045542191,0.22861895565181736,0.653361886585725
-0.7123031127562891,0.22859614865596825,0.6636023480800529
-0.7025301452835502,0.22847471127614152,0.6739812321386685
-0.6924087674276747,0.22825068697663417,0.6844499416933155
-0.6819669462788296,0.2279265044638444,0.6949608569883783
-0.671231486773589,0.22750920577721126,0.7054699514864824
-0.6602255058004649,0.2270079531295065,0.7159397116423087
-0.6489667005632451,0.22643120281811868,0.7263409199201126
-0.6374673754309292,0.22578469230981923,0.7366523046728102
-0.6257357453687045,0.22507017906573068,0.7468588832324297
-0.6137770325692975,0.22428481082351104,0.7569505122029376
-0.601593407798888,0.22342144921558751,0.7669212656611677
-0.5891833212572173,0.22247002562161378,0.7767690143486887
-0.5765413310855737,0.2214191905131773,0.7864945235807838
-0.5636587776287033,0.22025724269798688,0.7961002006287877
-0.5505245100399042,0.21897158838779174,0.8055893540286211
-0.537125446862674,0.21754715786897563,0.8149659431140076
-0.523447363117035,0.2159661954505735,0.8242338627285508
-0.5094754864472297,0.2142096705474595,0.8333960317599955
-0.4951953279137527,0.21225864302249542,0.8424534738931521
-0.48059459403052257,0.21009590630916736,0.8514038679385753
-0.46566555282876715,0.20770828164195673,0.8602400029329165
-0.45040688428320913,0.2050885109228094,0.8689489865796246
-0.43482451956482293,0.2022356695484478,0.87751260455193
-0.4189316380587936,0.1991536404400861,0.8859086353190362
-0.4027489002033415,0.19584861633406095,0.8941122093255592
-0.38630530629600707,0.1923277983562692,0.902096573714244
-0.36963825936066264,0.18859983596017443,0.9098338634567384
-0.35279112652716876,0.1846763471911817,0.9172966084270743
-0.3358086718090647,0.18057405138824362,0.9244595977667537
-0.31873256695925306,0.17631740851919678,0.9313010910616609
-0.3015983086930771,0.17194124287164494,0.9378031079033751
-0.28443215348135803,0.1674915167161053,0.9439517688389041
-0.2672468057057166,0.1630232134150226,0.949738162194155
-0.25003923246410154,0.1585967417488058,0.9551583406616023
-0.23279415977230772,0.15427477121478284,0.9602115257288529
-0.21549091693274233,0.15011995018532887,0.9648977486116549
-0.1981099051301422,0.1461926531913961,0.969216267735012
-0.1806370566281359,0.1425477312498211,0.973165144304014
-0.16306554855139005,0.13923074023064833,0.9767417406103109
-0.14539563127226715,0.13627524192572024,0.9799434518608844
-0.1276345546009617,0.13370226343212505,0.9827680933083557
-0.10979675433913405,0.13152253227233862,0.9852139342504568
-0.09190247809291584,0.1297381230319426,0.987280078778322
-0.07397502953881528,0.12834055829998336,0.988967338237204
-0.05603988107610887,0.12730841335052678,0.9902787989344956
-0.03812647337509721,0.1266057095491988,0.9912201401997046
-0.02026871145347764,0.12618184902267454,0.9918000404886232
-0.002502586964291561,0.12597402504750677,0.9920303836434731
0.015135781264804084,0.12591150012444607,0.9919260064449947
0.032609884283759105,0.12592225048922498,0.9915040001324901
0.04988237719459423,0.1259378229186042,0.9907832321976077
0.0669158974764116,0.12589223734916824,0.9897845256620995
0.08367359222087636,0.1257195598241213,0.9885308908893459
0.10011897445301667,0.12535544488443276,0.9870472143683412
0.11621734732954425,0.12474044884162046,0.9853595022135195
0.13193910047529295,0.12382207072415237,0.9834938579205025
0.14726177106818414,0.12255726478424012,0.9814752608346619
0.16216816412365928,0.1209154895621914,0.9793267743346433
0.17664250730815065,0.11887946350306225,0.9770696483716573
0.19066861590815004,0.11644304333042413,0.9747238052738937
0.20423012501045218,0.11360925977612542,0.972308074702322
0.21731028952044093,0.11039016057792987,0.9698403221748007
0.22989073357253534,0.10680709609012917,0.9673378390419117
0.24194946880232196,0.10289096065845252,0.9648180682185917
0.253457616824153,0.09868173350299593,0.9622999282690738
0.26437592896659423,0.09422628035200555,0.9598055929583218
0.2746515950582907,0.08957645577099474,0.9573622929191663
0.2842129108463458,0.08479021815423088,0.9550045236613306
0.2929628382793349,0.07993348797821563,0.952776685738559
0.30077582695196176,0.0750810026394068,0.9507348447196121
0.307499888188757,0.07031728882006483,0.9489464145339807
0.31296394149756857,0.06573549765239622,0.9474874224340386
0.3169883460540029,0.061434085345512354,0.9464376586039399
0.31939551573638403,0.05751301583348054,0.945874599266323
0.3200203660235582,0.054067810315242215,0.945866606460902
0.31872096000930933,0.051184239341408685,0.9464655954094611
0.3153862660461719,0.0489379328645916,0.9477006816059562
0.30993904910882764,0.04739559161537085,0.9495743487125927
0.30233889316964513,0.04661304543360586,0.952060091418792
0.29258810267811397,0.04663200191388954,0.9551008630342266
0.28073371966254235,0.047477887014267924,0.9586106763901043
0.2668617712334202,0.04915897288768687,0.9624802285963018
0.25108831724751496,0.05166869434140214,0.9665841934186934
0.23355214592339274,0.05499067321142812,0.9707880412295633
0.21440926987242487,0.05910375388710197,0.9749540559786531
0.19382701221548052,0.06398465570465209,0.978946910291859
0.17197856598312458,0.06960619095123177,0.9826384640464918
0.14903954416170676,0.07593272806047113,0.9859114742639753
0.1251854125512627,0.08291746288490615,0.9886623826327674
0.10058859638602752,0.09050294952001937,0.9908032854231287
0.07541546076066755,0.09862406955091502,0.9922629697733725
0.049824588766525194,0.10721312755741647,0.9929868355792054
0.02396690845014744,0.11620508939360774,0.9929360324302698
-0.002013371602833961,0.12554051701625998,0.9920864503268247
-0.02797824889259879,0.13516568153029343,0.9904279156634042
-0.053796131199785165,0.14503124492976852,0.987963518689864
-0.07934217074083971,0.15509167870295637,0.9847087849406191
-0.10449856506207399,0.16530592282616535,0.9806905739215389
-0.12915508259766456,0.17563874587123704,0.9759456929501608
-0.15320997505667797,0.18606237583145224,0.9705191888072526
-0.17657140180557113,0.19655600750885083,0.9644626877057485
-0.19915935278803065,0.20710244197027572,0.9578330390663089
-0.2209076836035759,0.21768354076169863,0.9506911545851009
-0.24176565610415526,0.22827628988496806,0.9431008975739984
-0.2616985885311244,0.23885138037516376,0.9351277275611585
-0.28068748191397846,0.24937457133522237,0.9268370194743863
-0.29872771641409196,0.25980969098399487,0.9182922606212158
-0.3158264237477025,0.2701201302071014,0.9095541684361824
-0.33199889201081284,0.28026857984853837,0.9006809972755483
-0.3472659563294954,0.29021802783544476,0.8917285752368072
-0.36165355908794516,0.29993381389460744,0.8827493474829972
-0.3751938569533199,0.3093858942102052,0.8737905573810256
-0.3879260278471697,0.31854999689760044,0.8648926502146124
-0.39989601303060446,0.32740627539377143,0.856088961262207
-0.4111556837442655,0.3359371553149915,0.8474061785257745
-0.42176165371040153,0.34412626563761106,0.8388648405778966
-0.4317744092182618,0.3519578031435838,0.830479719409549
-0.4412582284213082,0.3594158798825103,0.8222599352630344
-0.45028202267658046,0.3664846788985639,0.8142082535733128
-0.45892017199941293,0.37314841061964615,0.8063203701904481
-0.46725200385690147,0.37938940574158736,0.7985857772980653
-0.47536051472576485,0.3851850001575319,0.7909898208531498
-0.48333177608374556,0.3905064216670989,0.7835146002880163
-0.4912552181322145,0.3953210328909973,0.7761376112596692
-0.49922315276262164,0.39959632629364955,0.7688296428717921
-0.5073293416032506,0.40330314620299246,0.7615533542774138
-0.5156679838925935,0.40641656634028955,0.7542626233562929
-0.5243344009258961,0.40891664574604875,0.7469006713328634
-0.5334261362554104,0.41079102595450373,0.7393965716412746
-0.5430391931518881,0.4120400462513178,0.7316634711301079
-0.5532593582468235,0.412681954205413,0.7236005024773785
-0.5641541498580616,0.4127499337724205,0.715099704494968
-0.5757662487214747,0.41228212714896706,0.7060571325797395
-0.5881068875407418,0.4113176752745349,0.696382121276741
-0.6011511928179357,0.4099007895226826,0.6860018849261673
-0.6148352792768076,0.40808756101944466,0.6748645211431781
-0.6290570223415429,0.40595165087816604,0.6629408116808643
-0.643686582947543,0.40358130489066374,0.6502228181754813
-0.6585819108060345,0.40106947130862725,0.6367206184373887
-0.6736005898841795,0.39850603138109114,0.6224589852035058
-0.688607531461003,0.3959739783218481,0.6074736834688004
-0.703479874351094,0.3935478018046598,0.5918075650730473
-0.7181090760973836,0.3912930155265906,0.5755077156969047
-0.7324009415950751,0.38926473519726407,0.5586249427679107
-0.7462748237374741,0.3875052811887056,0.5412148783121766
-0.7596626138585051,0.38604358043395687,0.5233383868123901
-0.7725079528741476,0.38489524936289743,0.5050614910721928
-0.7847656051400068,0.3840614800127652,0.4864562925481006
-0.7964007778275883,0.38352964601653006,0.4676011245731208
-0.8073884791034261,0.38327623160405394,0.4485790611458051
-0.8177132719073319,0.38326777002863543,0.4294773817139651
-0.8273691979302916,0.38346004853772786,0.4103883544785712
-0.8363587498048489,0.3838010113408702,0.39140877010945413
-0.8446906956089107,0.3842383531081553,0.3726372455250107
-0.8523788566078004,0.38472482446052625,0.35417099577999905
-0.8594425849170663,0.3852178546625757,0.3361036264014927
-0.8659059918252906,0.3856798026274385,0.3185245723116504
-0.8717960629978475,0.38608026744263974,0.3015189075876882
-0.8771409933594583,0.38639998085361205,0.28516439568205415
-0.8819675528632929,0.38663891638124587,0.2695247373356863
-0.8862996398181481,0.38682110199135833,0.25464167669965604
-0.8901601980405971,0.3869868101727248,0.24053280561425427
-0.8935732962003977,0.38717904850791157,0.22719847867902776
-0.8965634354278192,0.3874369255918611,0.21463139318793345
-0.8991536118638969,0.3877956468079681,0.2028233679557128
-0.9013641147654203,0.38828782770929887,0.19176885947917602
-0.9032123104153006,0.38894494638208327,0.18146446208030165
-0.9047133707293231,0.3897976450605132,0.17190553431714897
-0.9058811942834388,0.39087502984956257,0.16308271791858905
-0.906728924853262,0.39220410162643404,0.15497935185646336
-0.9072692729546266,0.3938089629784446,0.1475702105108799
-0.9075145439397782,0.39571021964506764,0.14082178313822333
-0.9074764496983689,0.39792467566645834,0.13469389644147864
-0.9071658690920389,0.4004652634457064,0.1291420099264636
-0.9065921764302354,0.4033424545092312,0.12411885443379549
-0.9057617756345842,0.4065678156777239,0.11957515232827258
-0.9046765553997027,0.4101577615409777,0.11545969321725694
-0.9033336107640715,0.41413406104901973,0.11172003912902873
-0.9017269610499475,0.4185193314145799,0.10830538743718914
-0.8998506578827237,0.423329676157512,0.10517023719857996
-0.8977020652040445,0.42856793906064516,0.10227670183235615
-0.895284539105577,0.4342192796085213,0.0995952371088673
-0.8926091846682486,0.4402493934406664,0.09710466014054034
-0.8896955706292646,0.44660528591369686,0.09479193107333732
-0.8865714767030249,0.4532182767567232,0.09265101354159035
-0.8832716017332272,0.46000905235623346,0.09068047927718265
-0.8798350999481663,0.46689446015350355,0.08888059392898323
-0.8763029036838602,0.47379370295775936,0.08725106321879265
-0.8727157320107476,0.48063205175423196,0.0857909198427329
-0.8691127300198972,0.48734262134172895,0.08449989314273472
-0.8655308924934372,0.49386660334600213,0.08337896760572502
-0.8620047382043028,0.5001530955548652,0.0824300450091925
-0.8585653393562321,0.5061598956787413,0.08165609629785002
