timestamp [datetime],gaze x [px],gaze y [px]
2023-07-24 18:18:48.100,697.0352499999999,578.9472499999999
2023-07-24 18:18:48.120,696.61625,578.11875
2023-07-24 18:18:48.140,695.16875,573.23225
2023-07-24 18:18:48.160,695.481,570.326
2023-07-24 18:18:48.180,696.502,566.2375
2023-07-24 18:18:48.200,697.20675,560.12225
2023-07-24 18:18:48.220,696.976,552.36075
2023-07-24 18:18:48.240,696.70375,551.4315
2023-07-24 18:18:48.260,696.805,551.86525
2023-07-24 18:18:48.280,696.4335,554.3435
2023-07-24 18:18:48.300,696.07725,554.6637499999999
2023-07-24 18:18:48.320,696.54625,556.6297500000001
2023-07-24 18:18:48.340,697.9155,558.22725
2023-07-24 18:18:48.360,697.84725,559.2825
2023-07-24 18:18:48.380,698.87875,559.96025
2023-07-24 18:18:48.400,696.2335,557.8925
2023-07-24 18:18:48.420,695.02225,557.17925
2023-07-24 18:18:48.440,691.12275,557.1815
2023-07-24 18:18:48.460,690.23225,558.5615
2023-07-24 18:18:48.480,689.96425,559.3322499999999
2023-07-24 18:18:48.500,689.06675,559.8525
2023-07-24 18:18:48.520,687.70275,561.345
2023-07-24 18:18:48.540,686.94075,563.7117499999999
2023-07-24 18:18:48.560,687.0945,565.59775
2023-07-24 18:18:48.580,687.506,567.7575
2023-07-24 18:18:48.600,687.85025,568.399
2023-07-24 18:18:48.620,687.91475,568.18025
2023-07-24 18:18:48.640,689.2202500000001,569.226
2023-07-24 18:18:48.660,690.942,570.48625
2023-07-24 18:18:48.680,691.58775,571.33875
2023-07-24 18:18:48.700,692.576,571.80925
2023-07-24 18:18:48.720,695.15,573.193
2023-07-24 18:18:48.740,696.26525,573.956
2023-07-24 18:18:48.760,699.332,575.2835
2023-07-24 18:18:48.780,701.09725,577.28525
2023-07-24 18:18:48.800,701.951,578.716
2023-07-24 18:18:48.820,700.6085,578.8315
2023-07-24 18:18:48.840,701.34525,580.039
2023-07-24 18:18:48.860,704.1415,580.04975
2023-07-24 18:18:48.880,703.82875,580.1759999999999
2023-07-24 18:18:48.900,702.8902499999999,579.8835
2023-07-24 18:18:48.920,703.2212499999999,580.05675
2023-07-24 18:18:48.940,702.04825,580.25675
2023-07-24 18:18:48.960,701.551,579.23775
2023-07-24 18:18:48.980,703.75325,578.596
2023-07-24 18:18:49.000,704.6179999999999,578.28325
2023-07-24 18:18:49.020,704.3857499999999,579.0907500000001
2023-07-24 18:18:49.040,704.56475,580.51
2023-07-24 18:18:49.060,705.63325,580.2727500000001
2023-07-24 18:18:49.080,705.842,579.12675
2023-07-24 18:18:49.100,706.11875,576.3955
2023-07-24 18:18:49.120,706.56025,571.2855
2023-07-24 18:18:49.140,708.83525,568.1622500000001
2023-07-24 18:18:49.160,710.5235,565.3315
2023-07-24 18:18:49.180,709.7275,565.59025
2023-07-24 18:18:49.200,709.5425,566.1075
2023-07-24 18:18:49.220,711.32725,565.64675
2023-07-24 18:18:49.240,713.98825,565.371
2023-07-24 18:18:49.260,713.973,564.052
2023-07-24 18:18:49.280,714.576,564.0867499999999
2023-07-24 18:18:49.300,715.1305,563.15725
2023-07-24 18:18:49.320,713.8135,563.3035
2023-07-24 18:18:49.340,710.814,563.19875
2023-07-24 18:18:49.360,708.849,563.18425
2023-07-24 18:18:49.380,708.41525,563.46075
2023-07-24 18:18:49.400,707.32925,563.8412500000001
2023-07-24 18:18:49.420,705.30975,563.5775
2023-07-24 18:18:49.440,702.4472499999999,563.02125
2023-07-24 18:18:49.460,701.489,563.28275
2023-07-24 18:18:49.480,701.8865,562.58975
2023-07-24 18:18:49.500,701.1537500000001,562.629
2023-07-24 18:18:49.520,700.654,562.87675
2023-07-24 18:18:49.540,700.5815,563.14075
2023-07-24 18:18:49.560,700.702,563.533
2023-07-24 18:18:49.580,701.057,564.4575
2023-07-24 18:18:49.600,700.1065,565.46075
2023-07-24 18:18:49.620,699.62575,565.60075
2023-07-24 18:18:49.640,698.74925,565.85325
2023-07-24 18:18:49.660,696.02225,566.67175
2023-07-24 18:18:49.680,691.8035,566.01475
2023-07-24 18:18:49.700,689.836,564.936
2023-07-24 18:18:49.720,689.567,565.0685000000001
2023-07-24 18:18:49.740,687.7080000000001,565.3175
2023-07-24 18:18:49.760,686.8225,564.9765
2023-07-24 18:18:49.780,687.1475,564.9755
2023-07-24 18:18:49.800,685.68425,564.252
2023-07-24 18:18:49.820,684.9795,564.03275
2023-07-24 18:18:49.840,685.11125,563.4465
2023-07-24 18:18:49.860,683.952,564.302
2023-07-24 18:18:49.880,684.2235000000001,563.7635
2023-07-24 18:18:49.900,684.1769999999999,562.345
2023-07-24 18:18:49.920,683.69825,561.29375
2023-07-24 18:18:49.940,685.1185,560.0237500000001
2023-07-24 18:18:49.960,687.0777499999999,559.7125
2023-07-24 18:18:49.980,686.57575,559.98825
2023-07-24 18:18:50.000,684.37225,560.80875
2023-07-24 18:18:50.020,684.2685,561.5715
2023-07-24 18:18:50.040,684.14875,561.64175
2023-07-24 18:18:50.060,684.10925,561.489
2023-07-24 18:18:50.080,685.4945,560.4445000000001
2023-07-24 18:18:50.100,685.9694999999999,560.1005
2023-07-24 18:18:50.120,686.1220000000001,560.087
2023-07-24 18:18:50.140,686.31375,560.11625
2023-07-24 18:18:50.160,686.6305,561.05525
2023-07-24 18:18:50.180,687.1732499999999,561.697
2023-07-24 18:18:50.200,688.607,563.1695
2023-07-24 18:18:50.220,687.4455,562.41975
2023-07-24 18:18:50.240,689.3495,560.87375
2023-07-24 18:18:50.260,697.5855,581.46475
2023-07-24 18:18:50.280,739.88525,634.0595000000001
2023-07-24 18:18:50.300,729.93775,638.6855
2023-07-24 18:18:50.320,718.12075,617.172
2023-07-24 18:18:50.340,718.384,616.6725
2023-07-24 18:18:50.360,697.2165,610.69875
2023-07-24 18:18:50.380,694.361,593.5975
2023-07-24 18:18:50.400,700.7295,575.5137500000001
2023-07-24 18:18:50.420,694.84725,559.9237499999999
2023-07-24 18:18:50.440,684.461,551.6890000000001
2023-07-24 18:18:50.460,681.53375,548.61725
2023-07-24 18:18:50.480,680.16125,550.9225
2023-07-24 18:18:50.500,679.398,549.27925
2023-07-24 18:18:50.520,677.42875,547.20525
2023-07-24 18:18:50.540,674.14725,546.5740000000001
2023-07-24 18:18:50.560,673.4685,545.2727500000001
2023-07-24 18:18:50.580,675.22725,547.377
2023-07-24 18:18:50.600,676.79175,547.9325
2023-07-24 18:18:50.620,677.456,548.5735
2023-07-24 18:18:50.640,676.4612500000001,550.3017500000001
2023-07-24 18:18:50.660,676.51475,551.5405000000001
2023-07-24 18:18:50.680,676.562,552.4237499999999
2023-07-24 18:18:50.700,676.4472499999999,551.63925
2023-07-24 18:18:50.720,676.89625,548.09125
2023-07-24 18:18:50.740,676.864,543.8887500000001
2023-07-24 18:18:50.760,677.4465,542.38525
2023-07-24 18:18:50.780,677.8995,541.30375
2023-07-24 18:18:50.800,677.3335,542.549
2023-07-24 18:18:50.820,674.95325,543.8795
2023-07-24 18:18:50.840,673.51825,545.11725
2023-07-24 18:18:50.860,673.745,546.717
2023-07-24 18:18:50.880,673.086,550.312
2023-07-24 18:18:50.900,672.39575,549.61225
2023-07-24 18:18:50.920,673.425,558.954
2023-07-24 18:18:50.940,707.1955,574.28375
2023-07-24 18:18:50.960,713.07525,611.62675
2023-07-24 18:18:50.980,683.48675,617.206
2023-07-24 18:18:51.000,678.34225,613.93875
2023-07-24 18:18:51.020,682.677,602.659
2023-07-24 18:18:51.040,686.63775,598.12575
2023-07-24 18:18:51.060,676.96325,594.12125
2023-07-24 18:18:51.080,669.2919999999999,590.581
2023-07-24 18:18:51.100,664.15125,588.31375
2023-07-24 18:18:51.120,665.8605,585.42625
2023-07-24 18:18:51.140,663.8625,582.4590000000001
2023-07-24 18:18:51.160,663.75675,582.30625
2023-07-24 18:18:51.180,664.4125,583.721
2023-07-24 18:18:51.200,662.9135,581.1865
2023-07-24 18:18:51.220,663.76725,566.343
2023-07-24 18:18:51.240,664.82875,559.05175
2023-07-24 18:18:51.260,665.6195,560.63775
2023-07-24 18:18:51.280,665.9615,562.52625
2023-07-24 18:18:51.300,665.88925,563.18375
2023-07-24 18:18:51.320,666.7265,564.66925
2023-07-24 18:18:51.340,669.405,565.32575
2023-07-24 18:18:51.360,669.7675,561.625
2023-07-24 18:18:51.380,669.67175,557.09525
2023-07-24 18:18:51.400,686.429,566.7402500000001
2023-07-24 18:18:51.420,694.16725,612.3515
2023-07-24 18:18:51.440,599.75925,574.16725
2023-07-24 18:18:51.460,428.30775,671.477
2023-07-24 18:18:51.480,399.6485,748.5535
2023-07-24 18:18:51.500,355.628,783.7755
2023-07-24 18:18:51.520,190.704,780.7402500000001
2023-07-24 18:18:51.540,295.81725,779.4515
2023-07-24 18:18:51.560,361.673,809.7323333333334
2023-07-24 18:18:51.580,407.44275000000005,801.7239999999999
2023-07-24 18:18:51.600,395.972,798.6195
2023-07-24 18:18:51.620,380.22575,781.639
2023-07-24 18:18:51.640,375.87649999999996,766.45875
2023-07-24 18:18:51.660,380.234,764.511
2023-07-24 18:18:51.680,384.30899999999997,768.46775
2023-07-24 18:18:51.700,398.9625,767.4205
2023-07-24 18:18:51.720,398.29475,763.69875
2023-07-24 18:18:51.740,393.01625,765.38275
2023-07-24 18:18:51.760,396.277,766.78375
2023-07-24 18:18:51.780,401.52875,761.9865
2023-07-24 18:18:51.800,403.2875,758.90975
2023-07-24 18:18:51.820,404.60775,757.8335
2023-07-24 18:18:51.840,403.06825000000003,755.3605
2023-07-24 18:18:51.860,401.10875,753.34625
2023-07-24 18:18:51.880,400.94,752.45375
2023-07-24 18:18:51.900,422.26075000000003,753.30025
2023-07-24 18:18:51.920,496.286,741.6625
2023-07-24 18:18:51.940,512.28575,726.93625
2023-07-24 18:18:51.960,516.7815,716.4672499999999
2023-07-24 18:18:51.980,517.4784999999999,712.04
2023-07-24 18:18:52.000,518.3105,713.2725
2023-07-24 18:18:52.020,522.17175,714.5665
2023-07-24 18:18:52.040,522.482,715.5740000000001
2023-07-24 18:18:52.060,518.506,716.2795
2023-07-24 18:18:52.080,513.70275,715.208
2023-07-24 18:18:52.100,515.6705,715.45775
2023-07-24 18:18:52.120,519.2212499999999,716.74325
2023-07-24 18:18:52.140,519.24175,717.781
2023-07-24 18:18:52.160,519.26775,718.6147500000001
2023-07-24 18:18:52.180,515.21225,718.76425
2023-07-24 18:18:52.200,513.25575,720.8545
2023-07-24 18:18:52.220,516.0205,721.73425
2023-07-24 18:18:52.240,514.28425,720.5955
2023-07-24 18:18:52.260,512.539,719.1625
2023-07-24 18:18:52.280,513.14775,719.4175
2023-07-24 18:18:52.300,512.9725,719.83125
2023-07-24 18:18:52.320,512.9132500000001,720.05375
2023-07-24 18:18:52.340,512.8605,720.5125
2023-07-24 18:18:52.360,512.01425,720.636
2023-07-24 18:18:52.380,511.17650000000003,718.98525
2023-07-24 18:18:52.400,514.55075,718.37725
2023-07-24 18:18:52.420,517.029,718.722
2023-07-24 18:18:52.440,516.6255,717.8635
2023-07-24 18:18:52.460,517.1295,715.91325
2023-07-24 18:18:52.480,517.27325,715.8245
2023-07-24 18:18:52.500,516.7239999999999,717.72225
2023-07-24 18:18:52.520,516.06425,718.61175
2023-07-24 18:18:52.540,518.312,719.237
2023-07-24 18:18:52.560,524.068,717.6165
2023-07-24 18:18:52.580,523.0995,719.05525
2023-07-24 18:18:52.600,520.421,721.796
2023-07-24 18:18:52.620,516.81325,736.38575
2023-07-24 18:18:52.640,550.51775,803.6487500000001
2023-07-24 18:18:52.660,571.7945,797.8445
2023-07-24 18:18:52.680,538.284,766.078
2023-07-24 18:18:52.700,387.445,773.838
2023-07-24 18:18:52.720,316.72,775.45675
2023-07-24 18:18:52.740,418.4685,815.20125
2023-07-24 18:18:52.760,445.0845,805.77075
2023-07-24 18:18:52.780,431.2165,790.2875
2023-07-24 18:18:52.800,415.07375,782.17075
2023-07-24 18:18:52.820,414.8215,776.5035
2023-07-24 18:18:52.840,411.62850000000003,770.583
2023-07-24 18:18:52.860,417.39549999999997,767.68975
2023-07-24 18:18:52.880,418.89525000000003,769.21625
2023-07-24 18:18:52.900,421.0155,769.0237500000001
2023-07-24 18:18:52.920,415.87199999999996,766.93725
2023-07-24 18:18:52.940,414.76725,765.55525
2023-07-24 18:18:52.960,404.2265,760.1015
2023-07-24 18:18:52.980,399.2715,750.83075
2023-07-24 18:18:53.000,403.00625,756.21275
2023-07-24 18:18:53.020,440.51525,832.5585
2023-07-24 18:18:53.040,434.39275,836.44775
2023-07-24 18:18:53.060,493.75325,843.2737500000001
2023-07-24 18:18:53.080,464.92125,808.8887500000001
2023-07-24 18:18:53.100,509.86925,722.00125
2023-07-24 18:18:53.120,648.815,708.9014999999999
2023-07-24 18:18:53.140,604.86375,713.22575
2023-07-24 18:18:53.160,606.06825,704.01525
2023-07-24 18:18:53.180,597.28025,698.8992499999999
2023-07-24 18:18:53.200,588.48725,677.23375
2023-07-24 18:18:53.220,586.14,666.81625
2023-07-24 18:18:53.240,596.02725,669.18975
2023-07-24 18:18:53.260,591.0160000000001,665.12875
2023-07-24 18:18:53.280,593.391,655.25575
2023-07-24 18:18:53.300,595.77925,650.17325
2023-07-24 18:18:53.320,631.87,626.2615000000001
2023-07-24 18:18:53.340,687.8977500000001,597.28175
2023-07-24 18:18:53.360,702.3055,594.19875
2023-07-24 18:18:53.380,705.0577499999999,597.0957500000001
2023-07-24 18:18:53.400,703.952,592.47025
2023-07-24 18:18:53.420,701.9135,591.095
2023-07-24 18:18:53.440,702.0885,595.816
2023-07-24 18:18:53.460,701.255,603.0615
2023-07-24 18:18:53.480,701.4680000000001,609.1405
2023-07-24 18:18:53.500,701.9225,607.9114999999999
2023-07-24 18:18:53.520,699.3215,606.3725000000001
2023-07-24 18:18:53.540,696.7215,590.61625
2023-07-24 18:18:53.560,696.09125,559.331
2023-07-24 18:18:53.580,695.59775,548.9555
2023-07-24 18:18:53.600,695.952,546.8162500000001
2023-07-24 18:18:53.620,697.56675,545.46525
2023-07-24 18:18:53.640,695.626,544.6145
2023-07-24 18:18:53.660,694.435,541.1492499999999
2023-07-24 18:18:53.680,694.59075,539.76975
2023-07-24 18:18:53.700,696.3657499999999,539.2755
2023-07-24 18:18:53.720,697.738,538.217
2023-07-24 18:18:53.740,699.4295,537.2552499999999
2023-07-24 18:18:53.760,700.20575,540.67225
2023-07-24 18:18:53.780,700.56525,540.3175
2023-07-24 18:18:53.800,699.1225,538.1395
2023-07-24 18:18:53.820,697.7090000000001,539.0305
2023-07-24 18:18:53.840,696.16925,537.94575
2023-07-24 18:18:53.860,693.1324999999999,537.3625
2023-07-24 18:18:53.880,689.55075,537.41875
2023-07-24 18:18:53.900,686.8085,536.2965
2023-07-24 18:18:53.920,685.083,536.662
2023-07-24 18:18:53.940,684.4905,537.37475
2023-07-24 18:18:53.960,684.71225,535.9435
2023-07-24 18:18:53.980,685.211,536.5672500000001
2023-07-24 18:18:54.000,685.2402500000001,537.3875
2023-07-24 18:18:54.020,684.547,536.75625
2023-07-24 18:18:54.040,682.9745,534.011
2023-07-24 18:18:54.060,682.2905000000001,531.1347499999999
2023-07-24 18:18:54.080,681.86175,529.66025
2023-07-24 18:18:54.100,681.1677500000001,531.07375
2023-07-24 18:18:54.120,681.4979999999999,530.61675
2023-07-24 18:18:54.140,681.3655,526.00925
2023-07-24 18:18:54.160,681.1465000000001,521.8452500000001
2023-07-24 18:18:54.180,681.84375,517.906
2023-07-24 18:18:54.200,684.56,509.562
2023-07-24 18:18:54.220,688.09025,501.81625
2023-07-24 18:18:54.240,688.784,496.78625
2023-07-24 18:18:54.260,691.03225,491.51525
2023-07-24 18:18:54.280,694.10925,488.14525
2023-07-24 18:18:54.300,698.7535,484.93275
2023-07-24 18:18:54.320,706.67925,478.1755
2023-07-24 18:18:54.340,710.55225,470.26824999999997
2023-07-24 18:18:54.360,708.63125,466.88325
2023-07-24 18:18:54.380,708.7195,465.7155
2023-07-24 18:18:54.400,708.7239999999999,466.08025
2023-07-24 18:18:54.420,709.11125,460.414
2023-07-24 18:18:54.440,708.274,458.335
2023-07-24 18:18:54.460,708.0785,454.514
2023-07-24 18:18:54.480,708.4525,449.55675
2023-07-24 18:18:54.500,708.7695,446.8065
2023-07-24 18:18:54.520,701.1465000000001,483.02025
2023-07-24 18:18:54.540,683.37725,576.75225
2023-07-24 18:18:54.560,649.87825,672.8895
2023-07-24 18:18:54.580,634.92975,765.11675
2023-07-24 18:18:54.600,615.441,835.25075
2023-07-24 18:18:54.620,601.5487499999999,904.9110000000001
2023-07-24 18:18:54.640,570.92875,963.4215
2023-07-24 18:18:54.660,516.1347499999999,1008.8065
2023-07-24 18:18:54.680,478.61875,1024.86475
2023-07-24 18:18:54.700,485.388,1037.96
2023-07-24 18:18:54.720,491.28725000000003,1041.7425
2023-07-24 18:18:54.740,492.4685,1045.9165
2023-07-24 18:18:54.760,504.31600000000003,1039.3915
2023-07-24 18:18:54.780,523.90325,1023.466
2023-07-24 18:18:54.800,536.463,1007.5145
2023-07-24 18:18:54.820,532.05575,1007.546
2023-07-24 18:18:54.840,533.75275,1004.9205
2023-07-24 18:18:54.860,535.73325,1009.9485
2023-07-24 18:18:54.880,538.7365,1011.7157500000001
2023-07-24 18:18:54.900,537.628,1012.92075
2023-07-24 18:18:54.920,540.40275,1014.8534999999999
2023-07-24 18:18:54.940,541.971,1009.59275
2023-07-24 18:18:54.960,545.37375,1005.7695
2023-07-24 18:18:54.980,552.123,1007.5315
2023-07-24 18:18:55.000,544.95875,1006.69925
2023-07-24 18:18:55.020,553.8685,937.95925
2023-07-24 18:18:55.040,608.60225,836.173
2023-07-24 18:18:55.060,666.355,734.2975
2023-07-24 18:18:55.080,652.275,683.9365
2023-07-24 18:18:55.100,695.84975,636.25
2023-07-24 18:18:55.120,728.1745000000001,566.85475
2023-07-24 18:18:55.140,736.3422499999999,552.55575
2023-07-24 18:18:55.160,715.4565,542.6677500000001
2023-07-24 18:18:55.180,701.887,547.58825
2023-07-24 18:18:55.200,699.9657500000001,554.708
2023-07-24 18:18:55.220,696.359,556.177
2023-07-24 18:18:55.240,689.1925,560.039
2023-07-24 18:18:55.260,686.87825,570.94975
2023-07-24 18:18:55.280,684.44675,583.9847500000001
2023-07-24 18:18:55.300,681.12575,592.6155
2023-07-24 18:18:55.320,677.7592500000001,599.09175
2023-07-24 18:18:55.340,674.3155,601.30825
2023-07-24 18:18:55.360,664.84875,603.67825
2023-07-24 18:18:55.380,651.0075,609.96325
2023-07-24 18:18:55.400,642.545,610.4753333333333
2023-07-24 18:18:55.420,636.594,609.5609999999999
2023-07-24 18:18:55.440,684.3657499999999,590.51225
2023-07-24 18:18:55.460,781.207,567.493
2023-07-24 18:18:55.480,904.3275,560.192
2023-07-24 18:18:55.500,983.6179999999999,559.31525
2023-07-24 18:18:55.520,1013.70125,552.2165
2023-07-24 18:18:55.540,1029.44,545.6675
2023-07-24 18:18:55.560,1019.5532499999999,547.3720000000001
2023-07-24 18:18:55.580,1004.96275,548.365
2023-07-24 18:18:55.600,997.13375,546.69975
2023-07-24 18:18:55.620,985.292,552.242
2023-07-24 18:18:55.640,967.6505,553.53325
2023-07-24 18:18:55.660,959.5125,557.59625
2023-07-24 18:18:55.680,946.92775,561.7275
2023-07-24 18:18:55.700,935.51525,564.0509999999999
2023-07-24 18:18:55.720,929.62625,565.421
2023-07-24 18:18:55.740,923.09275,566.43775
2023-07-24 18:18:55.760,917.98875,567.2860000000001
2023-07-24 18:18:55.780,908.48825,568.151
2023-07-24 18:18:55.800,899.066,568.98925
2023-07-24 18:18:55.820,898.61475,563.11275
2023-07-24 18:18:55.840,941.81475,513.207
2023-07-24 18:18:55.860,962.49375,463.579
2023-07-24 18:18:55.880,969.0765,426.43875
2023-07-24 18:18:55.900,974.4285,410.05425
2023-07-24 18:18:55.920,968.71,405.23875
2023-07-24 18:18:55.940,963.463,403.45799999999997
2023-07-24 18:18:55.960,962.978,404.274
2023-07-24 18:18:55.980,965.90725,404.24199999999996
2023-07-24 18:18:56.000,961.9304999999999,406.26475
2023-07-24 18:18:56.020,959.405,412.77675
2023-07-24 18:18:56.040,956.729,416.52425
2023-07-24 18:18:56.060,924.2485,430.45574999999997
2023-07-24 18:18:56.080,866.88,506.5775
2023-07-24 18:18:56.100,830.5160000000001,562.157
2023-07-24 18:18:56.120,820.98675,570.2167499999999
2023-07-24 18:18:56.140,814.877,570.06375
2023-07-24 18:18:56.160,805.51375,574.424
2023-07-24 18:18:56.180,801.65375,579.0640000000001
2023-07-24 18:18:56.200,800.7384999999999,579.2165
2023-07-24 18:18:56.220,796.41275,580.377
2023-07-24 18:18:56.240,795.1405,595.302
2023-07-24 18:18:56.260,790.74875,617.12675
2023-07-24 18:18:56.280,790.14,623.277
2023-07-24 18:18:56.300,788.489,630.63575
2023-07-24 18:18:56.320,783.1492499999999,630.1905
2023-07-24 18:18:56.340,780.26725,629.1600000000001
2023-07-24 18:18:56.360,778.6725,628.64825
2023-07-24 18:18:56.380,779.22425,627.01725
2023-07-24 18:18:56.400,776.1532500000001,628.0735
2023-07-24 18:18:56.420,774.745,626.64225
2023-07-24 18:18:56.440,775.21025,624.3585
2023-07-24 18:18:56.460,773.45075,624.28575
2023-07-24 18:18:56.480,770.07425,624.93825
2023-07-24 18:18:56.500,763.9490000000001,621.9715
2023-07-24 18:18:56.520,752.329,626.80725
2023-07-24 18:18:56.540,752.2407499999999,641.3195
2023-07-24 18:18:56.560,768.5615,678.8835
2023-07-24 18:18:56.580,723.153,578.01325
2023-07-24 18:18:56.600,748.16,593.71225
2023-07-24 18:18:56.620,705.4010000000001,671.16775
2023-07-24 18:18:56.640,655.0165,664.35875
2023-07-24 18:18:56.660,669.21625,658.63225
2023-07-24 18:18:56.680,661.022,661.27275
2023-07-24 18:18:56.700,652.0605,660.66525
2023-07-24 18:18:56.720,650.9395,653.9185
2023-07-24 18:18:56.740,652.66075,642.6265000000001
2023-07-24 18:18:56.760,650.27525,621.799
2023-07-24 18:18:56.780,652.90425,614.94725
2023-07-24 18:18:56.800,651.9245,611.88
2023-07-24 18:18:56.820,652.385,611.10375
2023-07-24 18:18:56.840,651.34425,611.7402500000001
2023-07-24 18:18:56.860,653.64425,610.4375
2023-07-24 18:18:56.880,655.809,608.7555
2023-07-24 18:18:56.900,655.071,608.711
2023-07-24 18:18:56.920,651.9482499999999,610.42575
2023-07-24 18:18:56.940,652.1904999999999,611.8045
2023-07-24 18:18:56.960,654.14275,612.14825
2023-07-24 18:18:56.980,655.89725,611.95375
2023-07-24 18:18:57.000,657.50575,611.87925
2023-07-24 18:18:57.020,658.32825,611.22375
2023-07-24 18:18:57.040,683.35875,594.976
2023-07-24 18:18:57.060,737.5435,550.414
2023-07-24 18:18:57.080,770.90525,527.26625
2023-07-24 18:18:57.100,780.846,515.81525
2023-07-24 18:18:57.120,786.1435,509.173
2023-07-24 18:18:57.140,784.16825,500.85775
2023-07-24 18:18:57.160,778.42725,504.25149999999996
2023-07-24 18:18:57.180,778.6865,504.06825000000003
2023-07-24 18:18:57.200,781.13275,501.7865
2023-07-24 18:18:57.220,780.86,502.86475
2023-07-24 18:18:57.240,775.731,503.56
2023-07-24 18:18:57.260,774.2697499999999,502.958
2023-07-24 18:18:57.280,773.62275,501.139
2023-07-24 18:18:57.300,773.29875,503.24925
2023-07-24 18:18:57.320,772.8797500000001,506.16375
2023-07-24 18:18:57.340,768.8225,509.2425
2023-07-24 18:18:57.360,766.70675,511.478
2023-07-24 18:18:57.380,764.78,513.563
2023-07-24 18:18:57.400,763.57725,514.72825
2023-07-24 18:18:57.420,758.2375,539.307
2023-07-24 18:18:57.440,747.60975,571.72775
2023-07-24 18:18:57.460,739.55475,578.01625
2023-07-24 18:18:57.480,736.5495,578.7275
2023-07-24 18:18:57.500,735.22475,582.54175
2023-07-24 18:18:57.520,734.24625,586.98025
2023-07-24 18:18:57.540,734.34275,586.492
2023-07-24 18:18:57.560,730.84875,588.44425
2023-07-24 18:18:57.580,728.29325,589.99575
2023-07-24 18:18:57.600,729.5605,591.87075
2023-07-24 18:18:57.620,727.424,590.7574999999999
2023-07-24 18:18:57.640,724.29025,588.713
2023-07-24 18:18:57.660,723.831,586.88525
2023-07-24 18:18:57.680,716.9835,585.93625
2023-07-24 18:18:57.700,673.16325,575.55425
2023-07-24 18:18:57.720,635.04975,537.9565
2023-07-24 18:18:57.740,630.17075,536.00975
2023-07-24 18:18:57.760,635.865,539.31875
2023-07-24 18:18:57.780,634.9715,542.092
2023-07-24 18:18:57.800,633.0472500000001,545.96325
2023-07-24 18:18:57.820,634.12175,548.46325
2023-07-24 18:18:57.840,632.0345,549.5955
2023-07-24 18:18:57.860,633.747,549.209
2023-07-24 18:18:57.880,635.885,546.846
2023-07-24 18:18:57.900,632.09275,545.0319999999999
2023-07-24 18:18:57.920,628.05925,542.91075
2023-07-24 18:18:57.940,618.08525,543.78475
2023-07-24 18:18:57.960,619.787,534.8924999999999
2023-07-24 18:18:57.980,623.00925,525.44075
2023-07-24 18:18:58.000,629.4649999999999,522.26675
2023-07-24 18:18:58.020,631.70975,521.44625
2023-07-24 18:18:58.040,633.67975,522.06025
2023-07-24 18:18:58.060,635.17,523.0645
2023-07-24 18:18:58.080,634.59725,526.197
2023-07-24 18:18:58.100,634.7615000000001,526.39725
2023-07-24 18:18:58.120,635.6925,527.65525
2023-07-24 18:18:58.140,636.2325,528.8795
2023-07-24 18:18:58.160,636.7475,523.8050000000001
2023-07-24 18:18:58.180,637.4935,512.3905
2023-07-24 18:18:58.200,638.70075,511.1435
2023-07-24 18:18:58.220,640.3785,511.3835
2023-07-24 18:18:58.240,642.396,513.5225
2023-07-24 18:18:58.260,644.5717500000001,515.0885
2023-07-24 18:18:58.280,645.86875,517.5889999999999
2023-07-24 18:18:58.300,646.6365,519.057
2023-07-24 18:18:58.320,646.89,519.4595
2023-07-24 18:18:58.340,647.8455,519.707
2023-07-24 18:18:58.360,648.1825,520.0185
2023-07-24 18:18:58.380,647.6725,521.218
2023-07-24 18:18:58.400,646.38025,522.5092500000001
2023-07-24 18:18:58.420,646.45275,522.693
2023-07-24 18:18:58.440,646.1125,522.8032499999999
2023-07-24 18:18:58.460,644.17325,523.23025
2023-07-24 18:18:58.480,642.1800000000001,524.8305
2023-07-24 18:18:58.500,640.3525,524.687
2023-07-24 18:18:58.520,637.58,526.1469999999999
2023-07-24 18:18:58.540,635.6595,527.077
2023-07-24 18:18:58.560,636.01325,526.3995
2023-07-24 18:18:58.580,636.162,526.3625
2023-07-24 18:18:58.600,636.19475,526.1965
2023-07-24 18:18:58.620,636.70975,525.717
2023-07-24 18:18:58.640,637.17575,526.129
2023-07-24 18:18:58.660,637.27475,526.16425
2023-07-24 18:18:58.680,636.60875,525.5785
2023-07-24 18:18:58.700,636.92925,524.7175
2023-07-24 18:18:58.720,638.28375,525.031
2023-07-24 18:18:58.740,639.1045,526.692
2023-07-24 18:18:58.760,641.8905,527.74375
2023-07-24 18:18:58.780,643.3787500000001,527.50625
2023-07-24 18:18:58.800,643.3,527.336
2023-07-24 18:18:58.820,641.84925,527.94175
2023-07-24 18:18:58.840,642.0955,528.03175
2023-07-24 18:18:58.860,642.26375,527.46325
2023-07-24 18:18:58.880,641.93175,527.14675
2023-07-24 18:18:58.900,641.64275,527.387
2023-07-24 18:18:58.920,641.651,527.04425
2023-07-24 18:18:58.940,641.1302499999999,527.0765
2023-07-24 18:18:58.960,640.7425000000001,528.917
2023-07-24 18:18:58.980,639.972,529.2025
2023-07-24 18:18:59.000,639.2105,529.268
2023-07-24 18:18:59.020,664.88325,525.11025
2023-07-24 18:18:59.040,698.42775,520.538
2023-07-24 18:18:59.060,706.52625,519.771
2023-07-24 18:18:59.080,707.4145,517.8655
2023-07-24 18:18:59.100,707.68975,515.77025
2023-07-24 18:18:59.120,708.2025,516.4825
2023-07-24 18:18:59.140,710.004,517.2535
2023-07-24 18:18:59.160,709.0875,517.50025
2023-07-24 18:18:59.180,707.96625,517.78075
2023-07-24 18:18:59.200,707.72775,518.265
2023-07-24 18:18:59.220,705.77475,518.3545
2023-07-24 18:18:59.240,705.4706666666667,518.2053333333333
2023-07-24 18:18:59.260,706.05325,518.3307500000001
2023-07-24 18:18:59.280,708.2185,518.06
2023-07-24 18:18:59.300,664.66075,544.32925
2023-07-24 18:18:59.320,627.1822500000001,596.208
2023-07-24 18:18:59.340,621.022,604.84175
2023-07-24 18:18:59.360,614.36725,603.76575
2023-07-24 18:18:59.380,614.9214999999999,607.19975
2023-07-24 18:18:59.400,616.004,609.17525
2023-07-24 18:18:59.420,614.7635,608.4495000000001
2023-07-24 18:18:59.440,611.14,608.198
2023-07-24 18:18:59.460,609.0605,611.29525
2023-07-24 18:18:59.480,602.914,610.90425
2023-07-24 18:18:59.500,601.5577499999999,610.44425
2023-07-24 18:18:59.520,601.0672500000001,614.9535
2023-07-24 18:18:59.540,605.2445,613.84375
2023-07-24 18:18:59.560,603.86425,631.49925
2023-07-24 18:18:59.580,655.53475,687.04175
2023-07-24 18:18:59.600,668.389,687.554
2023-07-24 18:18:59.620,516.5327500000001,606.68375
2023-07-24 18:18:59.640,707.7005,694.216
2023-07-24 18:18:59.660,681.26625,665.4765
2023-07-24 18:18:59.680,612.998,680.90375
2023-07-24 18:18:59.700,591.7797499999999,685.36925
2023-07-24 18:18:59.720,580.13275,679.91825
2023-07-24 18:18:59.740,584.8215,669.76675
2023-07-24 18:18:59.760,565.749,663.5615
2023-07-24 18:18:59.780,562.6345,662.21
2023-07-24 18:18:59.800,559.44625,654.951
2023-07-24 18:18:59.820,561.62825,649.42425
2023-07-24 18:18:59.840,558.20925,647.1705
2023-07-24 18:18:59.860,554.18725,643.667
2023-07-24 18:18:59.880,553.76175,638.009
2023-07-24 18:18:59.900,555.45675,631.994
2023-07-24 18:18:59.920,561.29975,627.16075
2023-07-24 18:18:59.940,565.659,619.193
2023-07-24 18:18:59.960,568.14425,614.40575
2023-07-24 18:18:59.980,569.5635,612.7505
2023-07-24 18:19:00.000,571.453,612.87225
2023-07-24 18:19:00.020,576.196,605.891
2023-07-24 18:19:00.040,589.64975,604.6255
2023-07-24 18:19:00.060,605.36175,601.4680000000001
2023-07-24 18:19:00.080,612.412,595.4857499999999
2023-07-24 18:19:00.100,618.8755,592.16
2023-07-24 18:19:00.120,626.07725,589.86375
2023-07-24 18:19:00.140,626.7355,589.26
2023-07-24 18:19:00.160,631.652,592.07475
2023-07-24 18:19:00.180,635.0047500000001,595.07075
2023-07-24 18:19:00.200,636.6275,596.57125
2023-07-24 18:19:00.220,637.54925,597.258
2023-07-24 18:19:00.240,641.71425,596.97225
2023-07-24 18:19:00.260,644.15125,598.596
2023-07-24 18:19:00.280,646.35825,601.5035
2023-07-24 18:19:00.300,647.9527499999999,604.77
2023-07-24 18:19:00.320,645.1635,607.7215
2023-07-24 18:19:00.340,648.287,613.12
2023-07-24 18:19:00.360,648.14625,621.1765
2023-07-24 18:19:00.380,647.84725,624.8027500000001
2023-07-24 18:19:00.400,649.12875,626.429
2023-07-24 18:19:00.420,648.12275,631.56175
2023-07-24 18:19:00.440,648.2475,632.673
2023-07-24 18:19:00.460,647.90875,635.3715
2023-07-24 18:19:00.480,647.49625,635.08575
2023-07-24 18:19:00.500,645.711,634.33825
2023-07-24 18:19:00.520,643.252,634.43525
2023-07-24 18:19:00.540,639.22375,633.3625
2023-07-24 18:19:00.560,630.9045,631.50175
2023-07-24 18:19:00.580,624.35775,630.55775
2023-07-24 18:19:00.600,628.1242500000001,644.62075
2023-07-24 18:19:00.620,637.6455,659.366
2023-07-24 18:19:00.640,634.0225,657.677
2023-07-24 18:19:00.660,631.43175,660.465
2023-07-24 18:19:00.680,630.42425,652.7045
2023-07-24 18:19:00.700,617.812,643.72775
2023-07-24 18:19:00.720,614.5409999999999,635.75275
2023-07-24 18:19:00.740,614.40975,629.7415
2023-07-24 18:19:00.760,610.86875,626.93275
2023-07-24 18:19:00.780,608.0395,626.00025
2023-07-24 18:19:00.800,602.72,624.68925
2023-07-24 18:19:00.820,599.61275,621.18
2023-07-24 18:19:00.840,595.46875,618.0142500000001
2023-07-24 18:19:00.860,597.35925,610.424
2023-07-24 18:19:00.880,598.7205,609.73325
2023-07-24 18:19:00.900,601.065,607.171
2023-07-24 18:19:00.920,601.8225,607.77075
2023-07-24 18:19:00.940,604.6635,611.04175
2023-07-24 18:19:00.960,618.913,619.491
2023-07-24 18:19:00.980,638.01825,635.135
2023-07-24 18:19:01.000,648.23375,640.327
2023-07-24 18:19:01.020,648.3969999999999,642.9655
2023-07-24 18:19:01.040,680.658,661.4955
2023-07-24 18:19:01.060,706.87525,614.283
2023-07-24 18:19:01.080,680.438,529.8597500000001
2023-07-24 18:19:01.100,681.472,535.69325
2023-07-24 18:19:01.120,672.8885,537.8642500000001
2023-07-24 18:19:01.140,666.56375,533.0815
2023-07-24 18:19:01.160,657.985,523.032
2023-07-24 18:19:01.180,650.62475,519.37475
2023-07-24 18:19:01.200,646.7950000000001,521.1955
2023-07-24 18:19:01.220,646.2864999999999,525.51275
2023-07-24 18:19:01.240,645.16225,523.71875
2023-07-24 18:19:01.260,644.38275,521.247
2023-07-24 18:19:01.280,643.6545,526.76575
2023-07-24 18:19:01.300,642.6949999999999,529.9245
2023-07-24 18:19:01.320,641.6212499999999,529.05525
2023-07-24 18:19:01.340,640.818,529.701
2023-07-24 18:19:01.360,634.956,527.41675
2023-07-24 18:19:01.380,629.038,522.33725
2023-07-24 18:19:01.400,628.32425,522.06475
2023-07-24 18:19:01.420,627.49675,523.38025
2023-07-24 18:19:01.440,625.1155,523.155
2023-07-24 18:19:01.460,623.61325,521.4002499999999
2023-07-24 18:19:01.480,620.3815,518.352
2023-07-24 18:19:01.500,618.90025,518.30075
2023-07-24 18:19:01.520,610.357,518.345
2023-07-24 18:19:01.540,520.04425,545.7165
2023-07-24 18:19:01.560,414.14875,600.094
2023-07-24 18:19:01.580,325.75025,648.1152500000001
2023-07-24 18:19:01.600,263.32275,671.67925
2023-07-24 18:19:01.620,229.9025,685.806
2023-07-24 18:19:01.640,227.84550000000002,701.948
2023-07-24 18:19:01.660,225.37375,697.1007500000001
2023-07-24 18:19:01.680,233.113,693.069
2023-07-24 18:19:01.700,244.47275000000002,696.1915
2023-07-24 18:19:01.720,256.4755,708.7705
2023-07-24 18:19:01.740,273.6445,723.177
2023-07-24 18:19:01.760,282.93625,729.9404999999999
2023-07-24 18:19:01.780,285.39549999999997,743.0382500000001
2023-07-24 18:19:01.800,288.1925,754.93425
2023-07-24 18:19:01.820,299.95225,765.18775
2023-07-24 18:19:01.840,301.76375,770.891
2023-07-24 18:19:01.860,301.309,778.0409999999999
2023-07-24 18:19:01.880,310.38525000000004,785.36975
2023-07-24 18:19:01.900,312.17075,786.27125
2023-07-24 18:19:01.920,270.7085,772.23025
2023-07-24 18:19:01.940,185.927,756.96025
2023-07-24 18:19:01.960,119.38175,719.2135000000001
2023-07-24 18:19:01.980,106.59875,683.2837499999999
2023-07-24 18:19:02.000,115.1095,675.044
2023-07-24 18:19:02.020,131.5815,678.1637499999999
2023-07-24 18:19:02.040,140.07150000000001,673.28575
2023-07-24 18:19:02.060,146.50300000000001,670.19775
2023-07-24 18:19:02.080,153.5245,666.40825
2023-07-24 18:19:02.100,157.84975,663.687
2023-07-24 18:19:02.120,143.3635,660.6610000000001
2023-07-24 18:19:02.140,143.38825,674.10975
2023-07-24 18:19:02.160,230.778,739.52925
2023-07-24 18:19:02.180,260.4595,745.7715000000001
2023-07-24 18:19:02.200,406.8435,756.354
2023-07-24 18:19:02.220,506.82625,742.615
2023-07-24 18:19:02.240,487.5645,738.705
2023-07-24 18:19:02.260,490.71875,732.8815
2023-07-24 18:19:02.280,491.80025,728.97275
2023-07-24 18:19:02.300,476.89575,723.58375
2023-07-24 18:19:02.320,477.601,711.235
2023-07-24 18:19:02.340,481.66975,705.2987499999999
2023-07-24 18:19:02.360,471.35875,691.452
2023-07-24 18:19:02.380,460.4145,689.275
2023-07-24 18:19:02.400,464.532,693.16725
2023-07-24 18:19:02.420,460.76925,693.8107500000001
2023-07-24 18:19:02.440,458.41875,691.6705
2023-07-24 18:19:02.460,472.467,692.2905000000001
2023-07-24 18:19:02.480,509.5525,672.90225
2023-07-24 18:19:02.500,507.63975,668.2445
2023-07-24 18:19:02.520,501.20025,669.1955
2023-07-24 18:19:02.540,501.637,669.34575
2023-07-24 18:19:02.560,498.3465,667.8155
2023-07-24 18:19:02.580,492.595,663.6347499999999
2023-07-24 18:19:02.600,488.9485,661.6955
2023-07-24 18:19:02.620,487.982,664.733
2023-07-24 18:19:02.640,484.99575,673.30475
2023-07-24 18:19:02.660,484.4635,681.3685
2023-07-24 18:19:02.680,489.844,670.844
2023-07-24 18:19:02.700,510.0305,609.95475
2023-07-24 18:19:02.720,511.63424999999995,593.0775
2023-07-24 18:19:02.740,517.93525,583.7597499999999
2023-07-24 18:19:02.760,520.72075,582.3820000000001
2023-07-24 18:19:02.780,519.668,579.0805
2023-07-24 18:19:02.800,519.51225,576.1577500000001
2023-07-24 18:19:02.820,518.76775,573.863
2023-07-24 18:19:02.840,514.7415,581.1745000000001
2023-07-24 18:19:02.860,511.3035,582.54775
2023-07-24 18:19:02.880,516.63525,588.196
2023-07-24 18:19:02.900,535.99725,667.1965
2023-07-24 18:19:02.920,322.072,588.09325
2023-07-24 18:19:02.940,396.453,588.514
2023-07-24 18:19:02.960,467.5505,584.74725
2023-07-24 18:19:02.980,490.04575,621.3285
2023-07-24 18:19:03.000,498.9635,627.92625
2023-07-24 18:19:03.020,492.90725,629.719
2023-07-24 18:19:03.040,476.72875,626.3775
2023-07-24 18:19:03.060,466.99933333333337,609.9920000000001
2023-07-24 18:19:03.080,457.373,600.6800000000001
2023-07-24 18:19:03.100,445.87,605.2347500000001
2023-07-24 18:19:03.120,445.62125000000003,606.676
2023-07-24 18:19:03.140,445.61225,605.57675
2023-07-24 18:19:03.160,446.56525,605.5722499999999
2023-07-24 18:19:03.180,439.406,602.18425
2023-07-24 18:19:03.200,437.44075,597.0475
2023-07-24 18:19:03.220,439.15049999999997,589.9535
2023-07-24 18:19:03.240,437.3035,584.11025
2023-07-24 18:19:03.260,435.36025,576.8299999999999
2023-07-24 18:19:03.280,433.7035,574.49425
2023-07-24 18:19:03.300,434.009,576.02825
2023-07-24 18:19:03.320,434.29275,577.62075
2023-07-24 18:19:03.340,435.40325,577.94325
2023-07-24 18:19:03.360,435.6995,576.36225
2023-07-24 18:19:03.380,437.33425,576.6302499999999
2023-07-24 18:19:03.400,438.9225,578.5585
2023-07-24 18:19:03.420,440.6035,579.432
2023-07-24 18:19:03.440,444.80975,576.59625
2023-07-24 18:19:03.460,448.603,576.20425
2023-07-24 18:19:03.480,448.7315,577.94475
2023-07-24 18:19:03.500,448.265,579.572
2023-07-24 18:19:03.520,449.22625,582.1112499999999
2023-07-24 18:19:03.540,452.44875,585.30475
2023-07-24 18:19:03.560,455.682,587.13325
2023-07-24 18:19:03.580,465.33175,587.2955
2023-07-24 18:19:03.600,469.50275,586.93175
2023-07-24 18:19:03.620,474.89,587.335
2023-07-24 18:19:03.640,477.846,587.9195
2023-07-24 18:19:03.660,482.8285,587.8847499999999
2023-07-24 18:19:03.680,482.9305,588.95875
2023-07-24 18:19:03.700,486.31625,589.811
2023-07-24 18:19:03.720,487.13,590.49
2023-07-24 18:19:03.740,487.29075,592.4077500000001
2023-07-24 18:19:03.760,484.75425,596.02525
2023-07-24 18:19:03.780,482.41475,598.47275
2023-07-24 18:19:03.800,476.77675,603.0915
2023-07-24 18:19:03.820,431.1075,647.1632500000001
2023-07-24 18:19:03.840,404.741,694.8895
2023-07-24 18:19:03.860,398.059,700.5084999999999
2023-07-24 18:19:03.880,396.05674999999997,697.9125
2023-07-24 18:19:03.900,393.25825,693.4455
2023-07-24 18:19:03.920,394.66775,691.98375
2023-07-24 18:19:03.940,395.192,694.9285
2023-07-24 18:19:03.960,394.18475,694.3815
2023-07-24 18:19:03.980,390.546,689.65075
2023-07-24 18:19:04.000,388.24800000000005,688.3525
2023-07-24 18:19:04.020,381.84375,686.4290000000001
2023-07-24 18:19:04.040,377.567,686.26075
2023-07-24 18:19:04.060,377.99675,685.957
2023-07-24 18:19:04.080,374.2015,688.1927499999999
2023-07-24 18:19:04.100,372.276,688.3712499999999
2023-07-24 18:19:04.120,372.74575,690.2825
2023-07-24 18:19:04.140,379.56325000000004,686.5365
2023-07-24 18:19:04.160,389.37175,682.40675
2023-07-24 18:19:04.180,396.8535,675.66225
2023-07-24 18:19:04.200,398.23924999999997,673.6795
2023-07-24 18:19:04.220,397.892,671.63925
2023-07-24 18:19:04.240,396.87025,669.21
2023-07-24 18:19:04.260,394.2585,667.7642500000001
2023-07-24 18:19:04.280,392.74649999999997,667.1465000000001
2023-07-24 18:19:04.300,389.19525,666.553
2023-07-24 18:19:04.320,386.84524999999996,666.8810000000001
2023-07-24 18:19:04.340,384.54200000000003,668.3615
2023-07-24 18:19:04.360,383.77025,669.00875
2023-07-24 18:19:04.380,382.4545,668.962
2023-07-24 18:19:04.400,387.9855,657.01475
2023-07-24 18:19:04.420,402.77774999999997,616.45875
2023-07-24 18:19:04.440,410.32125,612.44175
2023-07-24 18:19:04.460,408.60075,613.2685
2023-07-24 18:19:04.480,406.65475000000004,613.6125
2023-07-24 18:19:04.500,405.129,615.03025
2023-07-24 18:19:04.520,405.30525,615.7592500000001
2023-07-24 18:19:04.540,406.20875,616.3685
2023-07-24 18:19:04.560,408.04825,616.54675
2023-07-24 18:19:04.580,410.253,613.5505
2023-07-24 18:19:04.600,409.67175,612.13175
2023-07-24 18:19:04.620,412.27750000000003,612.17425
2023-07-24 18:19:04.640,414.56975,611.77675
2023-07-24 18:19:04.660,413.53675,610.59025
2023-07-24 18:19:04.680,413.73125,610.7627500000001
2023-07-24 18:19:04.700,415.1765,610.86875
2023-07-24 18:19:04.720,414.6385,610.11575
2023-07-24 18:19:04.740,415.58175,608.22325
2023-07-24 18:19:04.760,415.8205,606.5995
2023-07-24 18:19:04.780,417.0485,604.502
2023-07-24 18:19:04.800,417.60474999999997,603.73875
2023-07-24 18:19:04.820,417.95725,599.98075
2023-07-24 18:19:04.840,417.673,593.95675
2023-07-24 18:19:04.860,418.27025000000003,590.1600000000001
2023-07-24 18:19:04.880,420.233,586.7950000000001
2023-07-24 18:19:04.900,421.25925,586.675
2023-07-24 18:19:04.920,421.18175,586.89325
2023-07-24 18:19:04.940,421.10975,584.9572499999999
2023-07-24 18:19:04.960,417.90250000000003,594.124
2023-07-24 18:19:04.980,411.867,618.2629999999999
2023-07-24 18:19:05.000,405.12725,627.322
2023-07-24 18:19:05.020,398.14025000000004,629.815
2023-07-24 18:19:05.040,393.06775,632.78675
2023-07-24 18:19:05.060,392.01575,629.83925
2023-07-24 18:19:05.080,391.2825,625.7742499999999
2023-07-24 18:19:05.100,389.69025,624.00575
2023-07-24 18:19:05.120,386.49975,623.3075
2023-07-24 18:19:05.140,386.73075,622.7180000000001
2023-07-24 18:19:05.160,387.84825,625.54575
2023-07-24 18:19:05.180,387.55,627.732
2023-07-24 18:19:05.200,387.24150000000003,626.394
2023-07-24 18:19:05.220,384.49075,625.349
2023-07-24 18:19:05.240,383.371,625.11225
2023-07-24 18:19:05.260,383.5605,625.52675
2023-07-24 18:19:05.280,379.66575,625.43375
2023-07-24 18:19:05.300,378.25,625.1999999999999
2023-07-24 18:19:05.320,380.101,626.0762500000001
2023-07-24 18:19:05.340,379.87149999999997,628.876
2023-07-24 18:19:05.360,377.60400000000004,629.6595
2023-07-24 18:19:05.380,377.2375,629.3652500000001
2023-07-24 18:19:05.400,378.08425,629.414
2023-07-24 18:19:05.420,379.048,629.794
2023-07-24 18:19:05.440,379.23525,631.56875
2023-07-24 18:19:05.460,379.24775,632.242
2023-07-24 18:19:05.480,378.49825,631.7217499999999
2023-07-24 18:19:05.500,378.01025,631.0464999999999
2023-07-24 18:19:05.520,377.5485,629.5799999999999
2023-07-24 18:19:05.540,377.73475,628.40775
2023-07-24 18:19:05.560,378.115,626.51125
2023-07-24 18:19:05.580,377.92475,625.05575
2023-07-24 18:19:05.600,379.747,623.1695
2023-07-24 18:19:05.620,384.14825,619.9322500000001
2023-07-24 18:19:05.640,381.42775,645.2022499999999
2023-07-24 18:19:05.660,358.1925,634.663
2023-07-24 18:19:05.680,336.44575,651.38925
2023-07-24 18:19:05.700,402.3755,784.69575
2023-07-24 18:19:05.720,307.579,673.39575
2023-07-24 18:19:05.740,273.45475,627.25575
2023-07-24 18:19:05.760,353.98275,684.328
2023-07-24 18:19:05.780,396.36775,675.61025
2023-07-24 18:19:05.800,338.0075,672.4395
2023-07-24 18:19:05.820,337.858,680.11825
2023-07-24 18:19:05.840,342.18025,693.692
2023-07-24 18:19:05.860,345.21225,692.91075
2023-07-24 18:19:05.880,342.4275,684.8745
2023-07-24 18:19:05.900,337.60400000000004,669.15075
2023-07-24 18:19:05.920,343.82175,650.316
2023-07-24 18:19:05.940,354.58775,640.0160000000001
2023-07-24 18:19:05.960,361.36225,638.53575
2023-07-24 18:19:05.980,367.96075,642.546
2023-07-24 18:19:06.000,372.5715,643.34475
2023-07-24 18:19:06.020,372.83875,643.23425
2023-07-24 18:19:06.040,377.11275,644.635
2023-07-24 18:19:06.060,392.38025,621.5925
2023-07-24 18:19:06.080,412.14675,605.611
2023-07-24 18:19:06.100,409.952,605.67625
2023-07-24 18:19:06.120,412.39750000000004,598.96875
2023-07-24 18:19:06.140,414.44925,589.35575
2023-07-24 18:19:06.160,416.72125,584.73875
2023-07-24 18:19:06.180,417.61525,585.42125
2023-07-24 18:19:06.200,418.13075000000003,590.82475
2023-07-24 18:19:06.220,417.41499999999996,590.33675
2023-07-24 18:19:06.240,409.20475,605.66925
2023-07-24 18:19:06.260,399.47525,637.7125
2023-07-24 18:19:06.280,389.95975,653.83075
2023-07-24 18:19:06.300,389.77875,663.07975
2023-07-24 18:19:06.320,391.01625,663.934
2023-07-24 18:19:06.340,391.879,666.684
2023-07-24 18:19:06.360,393.466,669.39075
2023-07-24 18:19:06.380,394.139,672.676
2023-07-24 18:19:06.400,394.65775,675.635
2023-07-24 18:19:06.420,394.52774999999997,675.08125
2023-07-24 18:19:06.440,394.3605,671.7895
2023-07-24 18:19:06.460,395.109,668.09325
2023-07-24 18:19:06.480,395.91774999999996,665.366
2023-07-24 18:19:06.500,395.66075,665.90675
2023-07-24 18:19:06.520,395.652,665.79975
2023-07-24 18:19:06.540,396.72974999999997,665.67825
2023-07-24 18:19:06.560,396.96500000000003,665.5965
2023-07-24 18:19:06.580,397.98875,666.8725
2023-07-24 18:19:06.600,399.42600000000004,666.722
2023-07-24 18:19:06.620,399.7755,666.28525
2023-07-24 18:19:06.640,399.0965,664.62775
2023-07-24 18:19:06.660,398.68025,664.43025
2023-07-24 18:19:06.680,398.642,665.05825
2023-07-24 18:19:06.700,398.263,668.64025
2023-07-24 18:19:06.720,398.79325,672.129
2023-07-24 18:19:06.740,398.97875,674.55675
2023-07-24 18:19:06.760,400.3125,676.4952499999999
2023-07-24 18:19:06.780,400.87874999999997,680.15175
2023-07-24 18:19:06.800,394.6645,678.92525
2023-07-24 18:19:06.820,387.72075,677.499
2023-07-24 18:19:06.840,378.838,675.20025
2023-07-24 18:19:06.860,371.03075,674.02925
2023-07-24 18:19:06.880,369.84066666666666,673.6103333333334
2023-07-24 18:19:06.900,369.87775,673.35775
2023-07-24 18:19:06.920,366.07775,673.06075
2023-07-24 18:19:06.940,366.12625,673.40425
2023-07-24 18:19:06.960,365.05075,673.6395
2023-07-24 18:19:06.980,367.7045,673.593
2023-07-24 18:19:07.000,368.3975,674.057
2023-07-24 18:19:07.020,366.896,674.04775
2023-07-24 18:19:07.040,367.83425,673.51725
2023-07-24 18:19:07.060,368.97974999999997,674.61175
2023-07-24 18:19:07.080,369.502,675.36325
2023-07-24 18:19:07.100,370.12975,672.24575
2023-07-24 18:19:07.120,371.0765,669.5554999999999
2023-07-24 18:19:07.140,371.53725,668.2885
2023-07-24 18:19:07.160,371.379,666.8399999999999
2023-07-24 18:19:07.180,371.062,665.3635
2023-07-24 18:19:07.200,370.10825,663.2835
2023-07-24 18:19:07.220,370.00975,663.819
2023-07-24 18:19:07.240,369.484,662.97025
2023-07-24 18:19:07.260,369.451,660.41825
2023-07-24 18:19:07.280,369.161,660.60275
2023-07-24 18:19:07.300,369.6845,661.2055
2023-07-24 18:19:07.320,370.39675,660.18575
2023-07-24 18:19:07.340,370.41375,658.8265
2023-07-24 18:19:07.360,371.5555,657.6882499999999
2023-07-24 18:19:07.380,373.56375,657.9277500000001
2023-07-24 18:19:07.400,374.5305,658.0497499999999
2023-07-24 18:19:07.420,374.5285,658.54675
2023-07-24 18:19:07.440,374.038,658.9945
2023-07-24 18:19:07.460,374.3745,658.11725
2023-07-24 18:19:07.480,376.63925,657.81475
2023-07-24 18:19:07.500,377.84775,657.42025
2023-07-24 18:19:07.520,376.101,656.4725000000001
2023-07-24 18:19:07.540,375.65024999999997,654.85025
2023-07-24 18:19:07.560,375.5505,655.91475
2023-07-24 18:19:07.580,375.38625,659.8765
2023-07-24 18:19:07.600,375.0545,661.38925
2023-07-24 18:19:07.620,376.9345,661.1815
2023-07-24 18:19:07.640,378.90024999999997,660.21025
2023-07-24 18:19:07.660,379.25725,659.82175
2023-07-24 18:19:07.680,379.20925,659.28675
2023-07-24 18:19:07.700,378.928,659.363
2023-07-24 18:19:07.720,379.78200000000004,653.88075
2023-07-24 18:19:07.740,399.14675,608.10825
2023-07-24 18:19:07.760,411.892,591.7375
2023-07-24 18:19:07.780,416.37,592.9755
2023-07-24 18:19:07.800,421.71425,593.9014999999999
2023-07-24 18:19:07.820,421.68100000000004,595.489
2023-07-24 18:19:07.840,423.85875,596.6882499999999
2023-07-24 18:19:07.860,428.526,595.36875
2023-07-24 18:19:07.880,429.45175,596.86
2023-07-24 18:19:07.900,428.03200000000004,601.03475
2023-07-24 18:19:07.920,429.0855,599.7792499999999
2023-07-24 18:19:07.940,426.589,599.891
2023-07-24 18:19:07.960,423.5075,601.0165
2023-07-24 18:19:07.980,421.336,602.1155
2023-07-24 18:19:08.000,420.784,602.941
2023-07-24 18:19:08.020,424.3395,603.68725
2023-07-24 18:19:08.040,424.66475,604.7
2023-07-24 18:19:08.060,424.534,605.7727500000001
2023-07-24 18:19:08.080,423.432,607.725
2023-07-24 18:19:08.100,422.728,608.096
2023-07-24 18:19:08.120,424.0405,608.296
2023-07-24 18:19:08.140,423.901,607.9125
2023-07-24 18:19:08.160,423.573,606.5817499999999
2023-07-24 18:19:08.180,422.1005,604.28925
2023-07-24 18:19:08.200,421.04525,603.198
2023-07-24 18:19:08.220,420.63925,603.14675
2023-07-24 18:19:08.240,420.26425,603.307
2023-07-24 18:19:08.260,417.096,600.2909999999999
2023-07-24 18:19:08.280,411.361,595.4525
2023-07-24 18:19:08.300,405.845,605.54625
2023-07-24 18:19:08.320,471.81425,670.88225
2023-07-24 18:19:08.340,486.13225,679.8277499999999
2023-07-24 18:19:08.360,450.954,662.2742499999999
2023-07-24 18:19:08.380,411.822,651.48525
2023-07-24 18:19:08.400,406.33325,648.4535
2023-07-24 18:19:08.420,410.99525,621.158
2023-07-24 18:19:08.440,412.773,604.909
2023-07-24 18:19:08.460,409.71025,603.61025
2023-07-24 18:19:08.480,407.8335,606.24325
2023-07-24 18:19:08.500,398.838,608.019
2023-07-24 18:19:08.520,393.34325,604.70325
2023-07-24 18:19:08.540,386.27925,595.6015
2023-07-24 18:19:08.560,387.77725,592.0295
2023-07-24 18:19:08.580,387.45275000000004,587.58375
2023-07-24 18:19:08.600,390.548,586.783
2023-07-24 18:19:08.620,392.8635,580.3855
2023-07-24 18:19:08.640,393.35575,580.7585
2023-07-24 18:19:08.660,393.79275,583.85825
2023-07-24 18:19:08.680,394.94100000000003,584.7525
2023-07-24 18:19:08.700,396.03825,587.019
2023-07-24 18:19:08.720,396.68850000000003,587.34425
2023-07-24 18:19:08.740,397.1615,585.80225
2023-07-24 18:19:08.760,398.73474999999996,584.702
2023-07-24 18:19:08.780,399.416,583.98775
2023-07-24 18:19:08.800,399.77675,583.6067499999999
2023-07-24 18:19:08.820,400.153,584.7407499999999
2023-07-24 18:19:08.840,398.66825,585.8325
2023-07-24 18:19:08.860,397.71025,587.21475
2023-07-24 18:19:08.880,398.5575,587.2520000000001
2023-07-24 18:19:08.900,399.02475000000004,586.82525
2023-07-24 18:19:08.920,399.86725,586.1089999999999
2023-07-24 18:19:08.940,399.62875,586.3032499999999
2023-07-24 18:19:08.960,399.3445,587.34225
2023-07-24 18:19:08.980,399.39300000000003,589.72525
2023-07-24 18:19:09.000,400.21775,590.623
2023-07-24 18:19:09.020,401.12975,591.94375
2023-07-24 18:19:09.040,402.74924999999996,592.18325
2023-07-24 18:19:09.060,407.56875,594.96275
2023-07-24 18:19:09.080,415.188,590.7015
2023-07-24 18:19:09.100,408.91025,604.24025
2023-07-24 18:19:09.120,398.1175,635.931
2023-07-24 18:19:09.140,389.16675,631.2585
2023-07-24 18:19:09.160,378.83475,624.9735000000001
2023-07-24 18:19:09.180,373.17975,622.023
2023-07-24 18:19:09.200,361.22725,620.70675
2023-07-24 18:19:09.220,360.88824999999997,618.17125
2023-07-24 18:19:09.240,364.85075,616.66975
2023-07-24 18:19:09.260,368.78999999999996,615.4175
2023-07-24 18:19:09.280,372.16325,615.844
2023-07-24 18:19:09.300,373.95525,614.42975
2023-07-24 18:19:09.320,375.267,609.9784999999999
2023-07-24 18:19:09.340,375.94,605.4300000000001
2023-07-24 18:19:09.360,376.40225,604.20125
2023-07-24 18:19:09.380,377.7455,603.9694999999999
2023-07-24 18:19:09.400,378.43625,603.85425
2023-07-24 18:19:09.420,381.6865,598.68375
2023-07-24 18:19:09.440,383.37874999999997,593.656
2023-07-24 18:19:09.460,384.36325,590.564
2023-07-24 18:19:09.480,385.73924999999997,587.884
2023-07-24 18:19:09.500,384.89975,587.19175
2023-07-24 18:19:09.520,384.30449999999996,585.09425
2023-07-24 18:19:09.540,382.84875,583.10025
2023-07-24 18:19:09.560,382.02425,585.1134999999999
2023-07-24 18:19:09.580,381.562,586.9765
2023-07-24 18:19:09.600,381.548,588.64975
2023-07-24 18:19:09.620,381.22375,590.09925
2023-07-24 18:19:09.640,380.53925000000004,591.5785000000001
2023-07-24 18:19:09.660,378.06025,593.9375
2023-07-24 18:19:09.680,373.2065,595.024
2023-07-24 18:19:09.700,372.30225,596.2437500000001
2023-07-24 18:19:09.720,371.8195,596.42125
2023-07-24 18:19:09.740,371.29125,595.71925
2023-07-24 18:19:09.760,371.34125,596.2245
2023-07-24 18:19:09.780,371.28775,595.80075
2023-07-24 18:19:09.800,370.4875,595.5025
2023-07-24 18:19:09.820,369.59775,595.93425
2023-07-24 18:19:09.840,369.35900000000004,596.338
2023-07-24 18:19:09.860,368.85450000000003,596.48775
2023-07-24 18:19:09.880,369.16675,596.6387500000001
2023-07-24 18:19:09.900,369.24625000000003,598.61325
2023-07-24 18:19:09.920,368.36625,600.58025
2023-07-24 18:19:09.940,369.58125,602.49425
2023-07-24 18:19:09.960,370.31225,605.741
2023-07-24 18:19:09.980,370.17925,605.6965
2023-07-24 18:19:10.000,370.43875,604.97675
2023-07-24 18:19:10.020,371.23474999999996,604.258
2023-07-24 18:19:10.040,370.14675,602.99025
2023-07-24 18:19:10.060,370.63225,603.3905
2023-07-24 18:19:10.080,369.1605,605.553
2023-07-24 18:19:10.100,367.82574999999997,606.835
2023-07-24 18:19:10.120,366.355,608.96675
2023-07-24 18:19:10.140,363.51025,610.25075
2023-07-24 18:19:10.160,362.2,610.93925
2023-07-24 18:19:10.180,361.77775,612.762
2023-07-24 18:19:10.200,360.829,613.3395
2023-07-24 18:19:10.220,361.39575,612.52325
2023-07-24 18:19:10.240,361.846,612.0169999999999
2023-07-24 18:19:10.260,361.84299999999996,611.4085
2023-07-24 18:19:10.280,361.8775,611.1235
2023-07-24 18:19:10.300,361.86625000000004,610.30475
2023-07-24 18:19:10.320,361.5335,609.93575
2023-07-24 18:19:10.340,361.81725,609.40225
2023-07-24 18:19:10.360,364.1785,609.9615
2023-07-24 18:19:10.380,365.9345,614.634
2023-07-24 18:19:10.400,366.65425,616.40575
2023-07-24 18:19:10.420,366.86675,616.479
2023-07-24 18:19:10.440,367.55725,617.1685
2023-07-24 18:19:10.460,368.42225,617.65
2023-07-24 18:19:10.480,368.12725,617.3395
2023-07-24 18:19:10.500,367.96625,617.66475
2023-07-24 18:19:10.520,367.939,619.1624999999999
2023-07-24 18:19:10.540,368.21475,618.9135
2023-07-24 18:19:10.560,367.07825,618.5515
2023-07-24 18:19:10.580,365.584,618.318
2023-07-24 18:19:10.600,364.153,616.57075
2023-07-24 18:19:10.620,363.13425,615.26225
2023-07-24 18:19:10.640,362.78475000000003,613.8955000000001
2023-07-24 18:19:10.660,361.061,613.52775
2023-07-24 18:19:10.680,361.19725,613.45975
2023-07-24 18:19:10.700,361.7033333333333,613.814
2023-07-24 18:19:10.720,361.575,614.11475
2023-07-24 18:19:10.740,361.775,614.204
2023-07-24 18:19:10.760,361.87475,614.997
2023-07-24 18:19:10.780,361.90325,614.37
2023-07-24 18:19:10.800,361.9995,613.152
2023-07-24 18:19:10.820,361.09524999999996,611.2545
2023-07-24 18:19:10.840,360.02825,610.543
2023-07-24 18:19:10.860,359.38675,610.282
2023-07-24 18:19:10.880,358.0835,608.8689999999999
2023-07-24 18:19:10.900,357.16325,607.619
2023-07-24 18:19:10.920,356.5645,607.138
2023-07-24 18:19:10.940,354.6665,610.42725
2023-07-24 18:19:10.960,354.366,613.5145
2023-07-24 18:19:10.980,373.03825,654.40925
2023-07-24 18:19:11.000,386.0325,777.70725
2023-07-24 18:19:11.020,370.03775,795.19775
2023-07-24 18:19:11.040,316.389,823.6055
2023-07-24 18:19:11.060,272.98475,782.0825
2023-07-24 18:19:11.080,269.24475,750.453
2023-07-24 18:19:11.100,248.81900000000002,748.83575
2023-07-24 18:19:11.120,268.991,754.5487499999999
2023-07-24 18:19:11.140,279.1395,746.2384999999999
2023-07-24 18:19:11.160,281.70475,753.9925
2023-07-24 18:19:11.180,287.1355,751.98975
2023-07-24 18:19:11.200,289.20799999999997,749.434
2023-07-24 18:19:11.220,291.88125,748.6765
2023-07-24 18:19:11.240,287.0535,744.30225
2023-07-24 18:19:11.260,279.966,742.64425
2023-07-24 18:19:11.280,283.70849999999996,741.56125
2023-07-24 18:19:11.300,285.14775,738.9649999999999
2023-07-24 18:19:11.320,316.1805,703.969
2023-07-24 18:19:11.340,335.2635,641.87775
2023-07-24 18:19:11.360,337.32125,625.66425
2023-07-24 18:19:11.380,339.15525,621.26375
2023-07-24 18:19:11.400,340.1935,604.227
2023-07-24 18:19:11.420,339.97,606.734
2023-07-24 18:19:11.440,341.96375,610.90375
2023-07-24 18:19:11.460,343.75125,614.37325
2023-07-24 18:19:11.480,341.79125,605.11475
2023-07-24 18:19:11.500,340.26725,605.7415
2023-07-24 18:19:11.520,342.48125,604.5455
2023-07-24 18:19:11.540,345.06525,604.8199999999999
2023-07-24 18:19:11.560,346.1295,606.0487499999999
2023-07-24 18:19:11.580,345.05899999999997,605.4485
2023-07-24 18:19:11.600,343.13975,609.16675
2023-07-24 18:19:11.620,341.86275,611.489
2023-07-24 18:19:11.640,340.98575,612.9075
2023-07-24 18:19:11.660,340.70124999999996,610.46325
2023-07-24 18:19:11.680,339.91275,609.9907499999999
2023-07-24 18:19:11.700,339.35225,610.37975
2023-07-24 18:19:11.720,338.24775,610.7395
2023-07-24 18:19:11.740,344.62125000000003,614.07925
2023-07-24 18:19:11.760,360.98425,633.36075
2023-07-24 18:19:11.780,364.6825,650.831
2023-07-24 18:19:11.800,361.901,658.45175
2023-07-24 18:19:11.820,361.649,660.23075
2023-07-24 18:19:11.840,360.33325,660.0975000000001
2023-07-24 18:19:11.860,359.095,658.467
2023-07-24 18:19:11.880,358.77475,657.9765
2023-07-24 18:19:11.900,359.24525,656.3512499999999
2023-07-24 18:19:11.920,358.94025,654.65675
2023-07-24 18:19:11.940,360.124,655.19175
2023-07-24 18:19:11.960,360.216,657.242
2023-07-24 18:19:11.980,360.301,656.47525
2023-07-24 18:19:12.000,361.098,655.4382499999999
2023-07-24 18:19:12.020,361.46950000000004,655.42425
2023-07-24 18:19:12.040,361.594,656.0150000000001
2023-07-24 18:19:12.060,362.25925,660.41775
2023-07-24 18:19:12.080,367.29724999999996,709.93725
2023-07-24 18:19:12.100,366.30899999999997,776.1510000000001
2023-07-24 18:19:12.120,363.64675,790.995
2023-07-24 18:19:12.140,361.05475,792.51425
2023-07-24 18:19:12.160,359.727,791.7597499999999
2023-07-24 18:19:12.180,359.28433333333334,788.9243333333334
